physical_degree,directional_degree_after,navigation_cell_after,lane_before,lane_after,jd_ut
17.742429327162007,377.74242932716203,377,direct,retrograde,2297655.2045944594
5.0388908705364415,5.0388908705364415,5,retrograde,direct,2297719.922117752
75.96996218937359,435.9699621893736,435,direct,retrograde,2298436.4033505833
58.57545557691039,58.57545557691039,58,retrograde,direct,2298510.462797072
116.887303264688,476.887303264688,476,direct,retrograde,2299205.084511202
97.7591586589064,97.7591586589064,97,retrograde,direct,2299284.0488577103
151.26345939708386,511.26345939708386,511,direct,retrograde,2299969.7120696716
131.75904062392163,131.75904062392163,131,retrograde,direct,2300050.676895148
184.72420912299458,544.7242091229946,544,direct,retrograde,2300735.414176182
165.70160888182815,165.70160888182815,165,retrograde,direct,2300815.8472462296
222.25122108201774,582.2512210820178,582,direct,retrograde,2301507.7595602656
204.97142120453796,204.97142120453796,204,retrograde,direct,2301584.396864878
272.55387046643773,632.5538704664377,632,direct,retrograde,2302297.0817666464
259.6648210829848,259.6648210829848,259,retrograde,direct,2302364.088738695
347.8495971273171,707.8495971273171,707,direct,retrograde,2303107.3030446377
337.29132035311653,337.29132035311653,337,retrograde,direct,2303168.1068479763
56.4010701779395,416.4010701779395,416,direct,retrograde,2303897.6622705394
40.39655706114093,40.39655706114093,40,retrograde,direct,2303968.6740842247
102.3504323092949,462.3504323092949,462,direct,retrograde,2304669.8795796875
83.67541604149501,83.67541604149501,83,retrograde,direct,2304747.3441769304
138.46023979797494,498.46023979797496,498,direct,retrograde,2305435.3954558643
118.99793130792274,118.99793130792274,118,retrograde,direct,2305515.8829881363
171.7485629889486,531.7485629889486,531,direct,retrograde,2306200.1231555426
152.43206739363993,152.43206739363993,152,retrograde,direct,2306281.0977252144
206.98473452943637,566.9847345294363,566,direct,retrograde,2306969.033349674
188.80438046206893,188.80438046206893,188,retrograde,direct,2307047.666809775
250.69945025559105,610.699450255591,610,direct,retrograde,2307750.0177163286
235.69670289758642,235.69670289758642,235,retrograde,direct,2307821.642295747
316.15363232243203,676.153632322432,676,direct,retrograde,2308554.9384079278
306.09371574510834,306.09371574510834,306,retrograde,direct,2308615.297723811
33.25398910547625,393.25398910547625,393,direct,retrograde,2309356.312001381
19.220064863834473,19.220064863834473,19,retrograde,direct,2309423.485832017
86.41583310729808,446.4158331072981,446,direct,retrograde,2310133.722525238
68.45836773617684,68.45836773617684,68,retrograde,direct,2310209.194449893
125.23664935786765,485.23664935786763,485,direct,retrograde,2310900.964416664
105.9455843539451,105.9455843539451,105,retrograde,direct,2310980.590752868
159.01598144531584,519.0159814453159,519,direct,retrograde,2311665.4151390027
139.545115281477,139.545115281477,139,retrograde,direct,2311746.5079280883
192.906589360151,552.906589360151,552,direct,retrograde,2312432.0232602768
174.12664490896478,174.12664490896478,174,retrograde,direct,2312511.98006812
232.20136610980967,592.2013661098097,592,direct,retrograde,2313206.9329855572
215.60000832477823,215.60000832477823,215,retrograde,direct,2313282.0808880143
287.20841329699704,647.208413296997,647,direct,retrograde,2314001.648556701
275.58502971336844,275.58502971336844,275,retrograde,direct,2314065.8304390423
5.550958028642584,365.5509580286426,365,direct,retrograde,2314811.1264140867
353.9108289023877,353.9108289023877,353,retrograde,direct,2314873.856580577
68.31477312752281,428.3147731275228,428,direct,retrograde,2315596.0298980437
51.47983752574778,51.47983752574778,51,retrograde,direct,2315668.846221078
111.26511094604432,471.26511094604433,471,direct,retrograde,2316366.1345798783
92.31081466550889,92.31081466550889,92,retrograde,direct,2316444.48139444
146.30447135223116,506.3044713522312,506,direct,retrograde,2317131.041104
126.8031514144208,126.8031514144208,126,retrograde,direct,2317211.8607189665
179.59330587832895,539.5933058783289,539,direct,retrograde,2317896.188914974
160.4185876325032,160.4185876325032,160,retrograde,direct,2317976.9668015437
215.96792023153836,575.9679202315383,575,direct,retrograde,2318666.8549326956
198.23949332043216,198.23949332043216,198,retrograde,direct,2318744.51145905
263.0261376082331,623.0261376082331,623,direct,retrograde,2319452.17208172
249.1361158316383,249.1361158316383,249,retrograde,direct,2319521.3376694806
334.3573401376818,694.3573401376818,694,direct,retrograde,2320260.9388955133
324.3089227046704,324.3089227046704,324,retrograde,direct,2320320.991909231
47.29910583983051,407.29910583983053,407,direct,retrograde,2321056.224707078
32.10542898992979,32.10542898992979,32,retrograde,direct,2321125.621343773
96.15846169607768,456.15846169607767,456,direct,retrograde,2321830.54455499
77.76606934663428,77.76606934663428,77,retrograde,direct,2321907.1764400564
133.3366340710964,493.3366340710964,493,direct,retrograde,2322596.7096412443
113.93382632292311,113.93382632292311,113,retrograde,direct,2322676.8577669216
166.7627686081894,526.7627686081894,526,direct,retrograde,2323361.215114532
147.35998754019107,147.35998754019107,147,retrograde,direct,2323442.3227622695
201.28932915047235,561.2893291504723,561,direct,retrograde,2324128.965340046
182.8087221302044,182.8087221302044,182,retrograde,direct,2324208.30644223
242.8032628488711,602.8032628488711,602,direct,retrograde,2324906.998749016
227.0124927417039,227.0124927417039,227,retrograde,direct,2324980.3230900615
303.39444035045807,663.3944403504581,663,direct,retrograde,2325707.6063737245
292.8242246088999,292.8242246088999,292,retrograde,direct,2325769.258197983
22.19930453742856,382.1993045374286,382,direct,retrograde,2326513.325185096
9.219099426264627,9.219099426264627,9,retrograde,direct,2326578.5572899682
79.39805613857656,439.3980561385766,439,direct,retrograde,2327293.8048701044
61.88291357125408,61.88291357125408,61,retrograde,direct,2327368.1893407516
119.85748061916301,479.857480619163,479,direct,retrograde,2328062.1680566166
100.6915876806081,100.6915876806081,100,retrograde,direct,2328141.261324388
154.08617337371254,514.0861733737125,514,direct,retrograde,2328826.7081930134
134.58590659460626,134.58590659460626,134,retrograde,direct,2328907.7298133187
187.61533492257112,547.6153349225712,547,direct,retrograde,2329592.561080386
168.6365938291787,168.6365938291787,168,retrograde,direct,2329672.9664008403
225.45189947186438,585.4518994718644,585,direct,retrograde,2330365.4221679214
208.29433658670865,208.29433658670865,208,retrograde,direct,2330441.780845262
276.5487010243399,636.5487010243398,636,direct,retrograde,2331155.6040043905
263.9120391753952,263.9120391753952,263,retrograde,direct,2331222.0617833054
352.590065422945,712.5900654229449,712,direct,retrograde,2331966.025492115
341.873017244494,341.873017244494,341,retrograde,direct,2332027.039676152
60.081197678297706,420.0811976782977,420,direct,retrograde,2332755.238312777
43.91196108034115,43.91196108034115,43,retrograde,direct,2332826.6355501357
105.42601186556058,465.42601186556055,465,direct,retrograde,2333527.0457179993
86.69035506522752,86.69035506522752,86,retrograde,direct,2333604.653668129
141.29812971771588,501.2981297177159,501,direct,retrograde,2334292.3982035434
121.82427040300823,121.82427040300823,121,retrograde,direct,2334372.9485931806
174.54555249696406,534.5455524969641,534,direct,retrograde,2335057.142105151
155.24839033862938,155.24839033862938,155,retrograde,direct,2335138.131408152
209.96262865256526,569.9626286525653,569,direct,retrograde,2335826.36324976
191.85620371784464,191.85620371784464,191,retrograde,direct,2335904.862214026
254.2750932448148,614.2750932448148,614,direct,retrograde,2336608.1488968674
239.4633944388613,239.4633944388613,239,retrograde,direct,2336679.2822591476
320.90755749502716,680.9075574950272,680,direct,retrograde,2337413.886679665
310.90341937780585,310.90341937780585,310,retrograde,direct,2337474.1424743645
37.361302315416054,397.3613023154161,397,direct,retrograde,2338214.153542202
23.103321573787923,23.103321573787923,23,retrograde,direct,2338281.7591011757
89.64486157576235,449.6448615757623,449,direct,retrograde,2338991.001395271
71.60033703351075,71.60033703351075,71,retrograde,direct,2339066.665540928
128.13479825822188,488.13479825822185,488,direct,retrograde,2339758.0182323707
108.81926539178129,108.81926539178129,108,retrograde,direct,2339837.701183074
161.8376429118043,521.8376429118043,521,direct,retrograde,2340522.4395309165
142.3762073406839,142.3762073406839,142,retrograde,direct,2340603.5443810634
195.8193774291395,555.8193774291395,555,direct,retrograde,2341289.2244067946
177.0882306490434,177.0882306490434,177,retrograde,direct,2341369.1138233105
235.4905716014655,595.4905716014655,595,direct,retrograde,2342064.7331462493
219.02052810614828,219.02052810614828,219,retrograde,direct,2342139.511817159
291.5095416799043,651.5095416799043,651,direct,retrograde,2342860.587012115
280.10728373678904,280.10728373678904,280,retrograde,direct,2342924.2341790777
10.209792600065827,370.20979260006584,370,direct,retrograde,2343669.4685212513
358.30478339202307,358.30478339202307,358,retrograde,direct,2343732.7589590074
71.88002516739401,431.880025167394,431,direct,retrograde,2344453.5461440496
54.89477305908189,54.89477305908189,54,retrograde,direct,2344526.696750191
114.29245082094482,474.29245082094485,474,direct,retrograde,2345223.2722138576
95.29027439097244,95.29027439097244,95,retrograde,direct,2345301.7158135856
149.14079340367448,509.1407934036745,509,direct,retrograde,2345988.0647910982
129.63795037697267,129.63795037697267,129,retrograde,direct,2346068.8855945896
182.45928777208877,542.4592877720888,542,direct,retrograde,2346753.3194478517
163.318301074379,163.318301074379,163,retrograde,direct,2346834.020932355
219.0813783577359,579.081378357736,579,direct,retrograde,2347524.4068471473
201.45484340761496,201.45484340761496,201,retrograde,direct,2347601.7820398165
266.8143232499888,626.8143232499888,626,direct,retrograde,2348310.478317585
253.1629001187645,253.1629001187645,253,retrograde,direct,2348379.131530836
339.13492926275995,699.1349292627599,699,direct,retrograde,2349119.8876849636
329.02207116974813,329.02207116974813,329,retrograde,direct,2349179.871373575
51.12877050461571,411.1287705046157,411,direct,retrograde,2349913.930830417
35.74616791725264,35.74616791725264,35,retrograde,direct,2349983.7351307133
99.30419060020856,459.3041906002086,459,direct,retrograde,2350687.789598576
80.83947239047971,80.83947239047971,80,retrograde,direct,2350764.542788686
136.21689941802205,496.2168994180221,496,direct,retrograde,2351453.770087432
116.79548093951855,116.79548093951855,116,retrograde,direct,2351533.9333116226
169.57588942915987,529.5758894291598,529,direct,retrograde,2352218.2629851997
150.18846857630493,150.18846857630493,150,retrograde,direct,2352299.321017433
204.24205274999719,564.2420527499971,564,direct,retrograde,2352986.2661074204
185.82246955341043,185.82246955341043,185,retrograde,direct,2353065.4297614843
246.259355803615,606.259355803615,606,direct,retrograde,2353764.976123875
230.63344028979833,230.63344028979833,230,retrograde,direct,2353837.846258372
307.9952335870448,667.9952335870448,667,direct,retrograde,2354566.6050084205
297.57531166867597,297.57531166867597,297,retrograde,direct,2354627.9747590236
26.541267847109854,386.54126784710985,386,direct,retrograde,2355371.3628066536
13.31810170690885,13.31810170690885,13,retrograde,direct,2355437.0544006126
82.72803050595329,442.72803050595326,442,direct,retrograde,2356151.17939369
65.10131242841973,65.10131242841973,65,retrograde,direct,2356225.7570781307
122.77590485214752,482.7759048521475,482,direct,retrograde,2356919.2539858036
103.5786222024608,103.5786222024608,103,retrograde,direct,2356998.3777248077
156.89925926239547,516.8992592623955,516,direct,retrograde,2357683.7518602842
137.4054191053169,137.4054191053169,137,retrograde,direct,2357764.7335709184
190.49589909204764,550.4958990920477,550,direct,retrograde,2358449.739293378
171.55693326921104,171.55693326921104,171,retrograde,direct,2358530.023001259
228.63790138551278,588.6379013855128,588,direct,retrograde,2359223.0644113086
211.59243308554628,211.59243308554628,211,retrograde,direct,2359299.0818902217
280.60658190665794,640.606581906658,640,direct,retrograde,2360014.2606049282
268.2109713768052,268.2109713768052,268,retrograde,direct,2360080.1888345294
357.3940370308084,717.3940370308085,717,direct,retrograde,2360824.6285599004
346.4582654863382,346.4582654863382,346,retrograde,direct,2360886.130024111
63.78646912490155,423.78646912490154,423,direct,retrograde,2361612.8659435846
47.4373018256939,47.4373018256939,47,retrograde,direct,2361684.627596046
108.51396238665212,468.5139623866521,468,direct,retrograde,2362384.2365242727
89.71772384055794,89.71772384055794,89,retrograde,direct,2362461.9442674182
144.14782026371304,504.147820263713,504,direct,retrograde,2363149.454321605
124.66440630266631,124.66440630266631,124,retrograde,direct,2363229.975885149
177.39393319889388,537.3939331988938,537,direct,retrograde,2363914.2753579337
158.12521523915464,158.12521523915464,158,retrograde,direct,2363995.140081685
213.02899015066745,573.0289901506675,573,direct,retrograde,2364683.8517908296
195.0114029569995,195.0114029569995,195,retrograde,direct,2364762.0632135384
257.93044610598275,617.9304461059828,617,direct,retrograde,2365466.292463448
243.33521664736415,243.33521664736415,243,retrograde,direct,2365536.959754573
325.6672783726571,685.6672783726572,685,direct,retrograde,2366272.9130817847
315.71391340538224,315.71391340538224,315,retrograde,direct,2366332.892262183
41.4199665080685,401.4199665080685,401,direct,retrograde,2367072.0465115905
26.947409777082818,26.947409777082818,26,retrograde,direct,2367140.0821087323
92.8809280457518,452.88092804575183,452,direct,retrograde,2367848.2964066286
74.7453434634741,74.7453434634741,74,retrograde,direct,2367924.1022770815
131.04023219563487,491.04023219563487,491,direct,retrograde,2368615.0888085095
111.69819008146875,111.69819008146875,111,retrograde,direct,2368694.799840416
164.63696690772457,524.6369669077246,524,direct,retrograde,2369379.4985091295
145.18582043697745,145.18582043697745,145,retrograde,direct,2369460.5240453854
198.70581871138634,558.7058187113863,558,direct,retrograde,2370146.46651318
180.02299485691313,180.02299485691313,180,retrograde,direct,2370226.1541224346
238.79161889093126,598.7916188909312,598,direct,retrograde,2370922.5116674965
222.46326126403045,222.46326126403045,222,retrograde,direct,2370996.895824855
295.87170898236315,655.8717089823631,655,direct,retrograde,2371719.5226164274
284.6837640665572,284.6837640665572,284,retrograde,direct,2371782.705741683
14.764878081653746,374.76487808165376,374,direct,retrograde,2372527.709194881
2.616840801694099,2.616840801694099,2,retrograde,direct,2372591.4266990153
75.34308166518747,435.34308166518747,435,direct,retrograde,2373311.005346059
58.223077498984374,58.223077498984374,58,retrograde,direct,2373384.366268318
117.26817732951486,477.26817732951486,477,direct,retrograde,2374080.3751634667
98.22548263894923,98.22548263894923,98,retrograde,direct,2374158.8847276354
151.96509309610664,511.96509309610667,511,direct,retrograde,2374845.1100642206
132.46114059802306,132.46114059802306,132,retrograde,direct,2374925.8954210645
185.31854869276876,545.3185486927688,545,direct,retrograde,2375610.4823765233
166.2107816673848,166.2107816673848,166,retrograde,direct,2375691.043762748
222.18923149894508,582.1892314989451,582,direct,retrograde,2376381.9479407463
204.66013938949382,204.66013938949382,204,retrograde,direct,2376459.0142400097
270.65986536299323,630.6598653629933,630,direct,retrograde,2377168.8862713985
257.2410320776918,257.2410320776918,257,retrograde,direct,2377237.075317663
344.0169415547039,704.0169415547039,704,direct,retrograde,2377978.7796064997
333.7826786604289,333.7826786604289,333,retrograde,direct,2378038.990066481
55.030907712643355,415.03090771264334,415,direct,retrograde,2378771.714553396
39.43739908405668,39.43739908405668,39,retrograde,direct,2378841.924386955
102.48278778166838,462.4827877816684,462,direct,retrograde,2379545.0036642924
83.94256795612634,83.94256795612634,83,retrograde,direct,2379621.9058962557
139.1028461277111,499.10284612771113,499,direct,retrograde,2380310.815637733
119.66444073863565,119.66444073863565,119,retrograde,direct,2380390.9966260605
172.41586147965634,532.4158614796563,532,direct,retrograde,2381075.3725093566
153.04936683859992,153.04936683859992,153,retrograde,direct,2381156.3204870205
207.23920859412132,567.2392085941214,567,direct,retrograde,2381843.6469547963
188.89085760008044,188.89085760008044,188,retrograde,direct,2381922.5588372136
249.74292816689547,609.7429281668955,609,direct,retrograde,2382622.9256907525
234.3072174414844,234.3072174414844,234,retrograde,direct,2382695.4005457433
312.578079729525,672.5780797295249,672,direct,retrograde,2383425.5590719692
302.3095084769055,302.3095084769055,302,retrograde,direct,2383486.5461611673
30.778522476522816,390.7785224765228,390,direct,retrograde,2384229.432877494
17.326280095750615,17.326280095750615,17,retrograde,direct,2384295.519986838
86.04549645146018,446.04549645146017,446,direct,retrograde,2385008.498468101
68.31229860254273,68.31229860254273,68,retrograde,direct,2385083.2598532597
125.72540763317014,485.7254076331701,485,direct,retrograde,2385776.316286197
106.49625668413327,106.49625668413327,106,retrograde,direct,2385855.536733049
159.71962166082005,519.71962166082,519,direct,retrograde,2386540.7949460754
140.23026732973503,140.23026732973503,140,retrograde,direct,2386621.7312919656
193.36869731228526,553.3686973122852,553,direct,retrograde,2387306.9352666847
174.46997370406896,174.46997370406896,174,retrograde,direct,2387387.039467021
231.85045543037396,591.8504554303739,591,direct,retrograde,2388080.7110138945
214.9257780470714,214.9257780470714,214,retrograde,direct,2388156.401009228
284.73567711175735,644.7356771117574,644,direct,retrograde,2388873.0663724234
272.57773347508686,272.57773347508686,272,retrograde,direct,2388938.4509451007
2.1405593867989383,362.14055938679894,362,direct,retrograde,2389683.1088500116
350.99452080116123,350.99452080116123,350,retrograde,direct,2389745.0342533
67.40533015403108,427.40533015403105,427,direct,retrograde,2390470.433004841
50.893892956314176,50.893892956314176,50,retrograde,direct,2390542.4502163306
111.53638695720522,471.5363869572052,471,direct,retrograde,2391241.335169833
92.69069836453299,92.69069836453299,92,retrograde,direct,2391319.1863533445
146.9806068426164,506.9806068426164,506,direct,retrograde,2392006.4613849334
127.49144493520657,127.49144493520657,127,retrograde,direct,2392087.0236878423
180.24158524901497,540.241585249015,540,direct,retrograde,2392771.3971639266
161.00076293246792,161.00076293246792,161,retrograde,direct,2392852.1623131027
216.0678718198026,576.0678718198026,576,direct,retrograde,2393541.2663743235
198.13063966220528,198.13063966220528,198,retrograde,direct,2393619.223262158
261.57428260864265,621.5742826086426,621,direct,retrograde,2394324.4367530067
247.18933093808832,247.18933093808832,247,retrograde,direct,2394394.725365077
330.47694880301236,690.4769488030124,690,direct,retrograde,2395132.013147521
320.52391235761826,320.52391235761826,320,retrograde,direct,2395191.8337098807
45.476772014120414,405.4767720141204,405,direct,retrograde,2395929.953223861
30.76518620804941,30.76518620804941,30,retrograde,direct,2395998.428315077
96.11818295638629,456.1181829563863,456,direct,retrograde,2396705.5166537883
77.89113749897511,77.89113749897511,77,retrograde,direct,2396781.547803467
133.94223456592832,493.9422345659283,493,direct,retrograde,2397472.1130961217
114.57685710832615,114.57685710832615,114,retrograde,direct,2397551.9293849748
167.45982535927314,527.4598253592732,527,direct,retrograde,2398236.5520286076
148.02324948297297,148.02324948297297,148,retrograde,direct,2398317.536574252
201.66473127624332,561.6647312762433,561,direct,retrograde,2399003.761740256
183.04286670706853,183.04286670706853,183,retrograde,direct,2399083.2580906563
242.1797670400746,602.1797670400746,602,direct,retrograde,2399780.3335692817
226.01924709252484,226.01924709252484,226,retrograde,direct,2399854.389231694
300.2767694604991,660.276769460499,660,direct,retrograde,2400578.388441433
289.3022039683464,289.3022039683464,289,retrograde,direct,2400641.111542144
19.24329142920212,379.24329142920215,379,direct,retrograde,2401385.9926557643
6.865903547265745,6.865903547265745,6,retrograde,direct,2401450.0836191513
78.78848110752278,438.7884811075228,438,direct,retrograde,2402168.381749046
61.541040581811025,61.541040581811025,61,retrograde,direct,2402241.9917194964
120.25128827092134,480.25128827092135,480,direct,retrograde,2402937.4213886745
101.16887724675097,101.16887724675097,101,retrograde,direct,2403016.1154699726
154.78433841085487,514.7843384108548,514,direct,retrograde,2403702.1127852285
135.2780731930549,135.2780731930549,135,retrograde,direct,2403782.93801645
188.15567995422438,548.1556799542244,548,direct,retrograde,2404467.617366841
169.08085566448094,169.08085566448094,169,retrograde,direct,2404548.066346694
225.29008032538906,585.290080325389,585,direct,retrograde,2405239.436800453
207.8609892435462,207.8609892435462,207,retrograde,direct,2405316.255462298
274.5471907511702,634.5471907511702,634,direct,retrograde,2406027.4251090186
261.362426702403,261.362426702403,261,retrograde,direct,2406095.105621632
348.86456151658547,708.8645615165855,708,direct,retrograde,2406837.505885399
338.49548214966813,338.49548214966813,338,retrograde,direct,2406898.059603881
58.808839735069746,418.80883973506974,418,direct,retrograde,2407629.3567933263
43.02468062004006,43.02468062004006,43,retrograde,direct,2407699.8760914914
105.56174517022383,465.56174517022384,465,direct,retrograde,2408402.0966312597
86.9602120248638,86.9602120248638,86,retrograde,direct,2408479.233623486
141.94207234872695,501.9420723487269,501,direct,retrograde,2409167.784635647
122.4918062475869,122.4918062475869,122,retrograde,direct,2409248.0962021016
175.2326472467598,535.2326472467598,535,direct,retrograde,2409932.429003952
155.88701551626855,155.88701551626855,155,retrograde,direct,2410013.3497759625
210.21568739621665,570.2156873962167,570,direct,retrograde,2410700.96878039
191.93539309098102,191.93539309098102,191,retrograde,direct,2410779.6953972466
253.23302864978152,613.2330286497815,613,direct,retrograde,2411480.8942015357
237.98406559709457,237.98406559709457,237,retrograde,direct,2411553.051809795
317.2332967166834,677.2332967166834,677,direct,retrograde,2412284.6447161613
307.07595765762443,307.07595765762443,307,retrograde,direct,2412345.209500675
35.063313009327096,395.0633130093271,395,direct,retrograde,2413087.5106193833
21.349520957617564,21.349520957617564,21,retrograde,direct,2413154.106909249
89.4093233651775,449.4093233651775,449,direct,retrograde,2413865.7832261007
71.5667929860382,71.5667929860382,71,retrograde,direct,2413940.8457615133
128.67934598534166,488.6793459853417,488,direct,retrograde,2414633.3334363615
109.41854158021494,109.41854158021494,109,retrograde,direct,2414712.7461051196
162.54730472587903,522.547304725879,522,direct,retrograde,2415397.794233814
143.06335261385917,143.06335261385917,143,retrograde,direct,2415478.786114944
196.2863561266328,556.2863561266328,556,direct,retrograde,2416164.1487305155
177.43676427500864,177.43676427500864,177,retrograde,direct,2416244.1431415845
235.10855467934817,595.1085546793481,595,direct,retrograde,2416938.365136428
218.32574244688155,218.32574244688155,218,retrograde,direct,2417013.8084371174
288.8985626207329,648.898562620733,648,direct,retrograde,2417731.7790983217
276.9806060564954,276.9806060564954,276,retrograde,direct,2417796.644348055
6.795055990110879,366.7950559901109,366,direct,retrograde,2418541.597546717
355.44795821702115,355.44795821702115,355,retrograde,direct,2418603.8023358546
70.9629418091747,430.9629418091747,430,direct,retrograde,2419327.8592763357
54.303642674577006,54.303642674577006,54,retrograde,direct,2419400.183800554
114.56464013926991,474.5646401392699,474,direct,retrograde,2420098.382473451
95.67088736587775,95.67088736587775,95,retrograde,direct,2420176.4828002416
149.8232026745761,509.8232026745761,509,direct,retrograde,2420863.436841569
130.326140865848,130.326140865848,130,retrograde,direct,2420944.1133193998
183.0649921582076,543.0649921582076,543,direct,retrograde,2421628.459324009
163.84958442323563,163.84958442323563,163,retrograde,direct,2421709.1970016463
219.09905609408682,579.0990560940868,579,direct,retrograde,2422398.6280044727
201.24416587046312,201.24416587046312,201,retrograde,direct,2422476.434281511
265.2721423818203,625.2721423818202,625,direct,retrograde,2423182.756458516
251.1022365516506,251.1022365516506,251,retrograde,direct,2423252.5919494964
335.3101673278451,695.3101673278451,695,direct,retrograde,2423990.9593089195
325.33042532764296,325.33042532764296,325,retrograde,direct,2424050.8852489367
49.45713291193949,409.4571329119395,409,direct,retrograde,2424787.7379248245
34.52332789456794,34.52332789456794,34,retrograde,direct,2424856.600751858
99.28977124874797,459.28977124874797,459,direct,retrograde,2425562.67560618
80.9883737113913,80.9883737113913,80,retrograde,direct,2425639.001153186
136.81220494040141,496.81220494040144,496,direct,retrograde,2426329.072850178
117.42987082725129,117.42987082725129,117,retrograde,direct,2426409.077552272
170.28351095905006,530.2835109590501,530,direct,retrograde,2427093.561090216
150.8609534790433,150.8609534790433,150,retrograde,direct,2427174.5954278037
204.61677834908264,564.6167783490827,564,direct,retrograde,2427861.0075355293
186.05231448202062,186.05231448202062,186,retrograde,direct,2427940.400928121
245.53366276110705,605.533662761107,605,direct,retrograde,2428638.112302794
229.53161237125855,229.53161237125855,229,retrograde,direct,2428711.922573205
304.7060844980715,664.7060844980715,664,direct,retrograde,2429437.273296439
293.91834834341597,293.91834834341597,293,retrograde,direct,2429499.4987937817
23.720060998792345,383.72006099879235,383,direct,retrograde,2430244.2734851204
11.07440978262398,11.07440978262398,11,retrograde,direct,2430308.856183336
82.23230859267531,442.2323085926753,442,direct,retrograde,2431025.7191109452
64.85697012869377,64.85697012869377,64,retrograde,direct,2431099.6921007447
123.22970651274103,483.229706512741,483,direct,retrograde,2431794.4508005073
104.10736834044572,104.10736834044572,104,retrograde,direct,2431873.3830707287
157.61005973608584,517.6100597360859,517,direct,retrograde,2432559.0756594324
138.10364933538557,138.10364933538557,138,retrograde,direct,2432640.022953162
191.04026447450218,551.0402644745022,551,direct,retrograde,2433324.7419857197
172.00583909984073,172.00583909984073,172,retrograde,direct,2433405.160541596
228.47517858081574,588.4751785808157,588,direct,retrograde,2434096.9629918756
211.16528965770073,211.16528965770073,211,retrograde,direct,2434173.614635096
278.5319779426659,638.5319779426659,638,direct,retrograde,2434886.0326600485
265.58944718897084,265.58944718897084,265,retrograde,direct,2434953.1385893095
353.6563884465063,713.6563884465063,713,direct,retrograde,2435696.1794195445
343.15138196101617,343.15138196101617,343,retrograde,direct,2435756.920892517
62.53559331144706,422.5355933114471,422,direct,retrograde,2436486.907269245
46.57780514321268,46.57780514321268,46,retrograde,direct,2436557.7814310594
108.6538812436194,468.65388124361937,468,direct,retrograde,2437259.2108311644
89.99238539888897,89.99238539888897,89,retrograde,direct,2437336.618526835
144.7986251840145,504.7986251840145,504,direct,retrograde,2438024.757597601
125.33567393457882,125.33567393457882,125,retrograde,direct,2438105.2229244076
178.04635123696684,538.0463512369669,538,direct,retrograde,2438789.44302963
158.7200636241938,158.7200636241938,158,retrograde,direct,2438870.413848305
213.1951104340026,573.1951104340026,573,direct,retrograde,2439558.239038163
194.98461858240245,194.98461858240245,194,retrograde,direct,2439636.894952338
256.75986198955144,616.7598619895514,616,direct,retrograde,2440338.975075934
241.6987412689094,241.6987412689094,241,retrograde,direct,2440410.7547493074
321.9572478831236,681.9572478831236,681,direct,retrograde,2441143.771163146
311.89026458284644,311.89026458284644,311,retrograde,direct,2441204.0773263043
39.2715815844467,399.2715815844467,399,direct,retrograde,2441945.4717366956
25.304491436112947,25.304491436112947,25,retrograde,direct,2442012.5040393155
92.66469312749184,452.66469312749183,452,direct,retrograde,2442723.0005888306
74.73117052433872,74.73117052433872,74,retrograde,direct,2442798.393781623
131.5610596122405,491.5610596122405,491,direct,retrograde,2443490.2998575484
112.2760609849774,112.2760609849774,112,retrograde,direct,2443569.913990766
165.3465747512808,525.3465747512807,525,direct,retrograde,2444254.762278773
145.87067782138342,145.87067782138342,145,retrograde,direct,2444335.851929359
199.1800766465014,559.1800766465014,559,direct,retrograde,2445021.300998901
180.37963327639187,180.37963327639187,180,retrograde,direct,2445101.2746414943
238.34714885696158,598.3471488569616,598,direct,retrograde,2445796.015067595
221.69897950288464,221.69897950288464,221,retrograde,direct,2445871.261472147
293.11208913953857,653.1120891395385,653,direct,retrograde,2446590.475694906
281.4167486975734,281.4167486975734,281,retrograde,direct,2446654.8233244186
11.463867276321826,371.4638672763218,371,direct,retrograde,2447400.1111141555
359.8780763333769,359.8780763333769,359,retrograde,direct,2447462.7129132105
74.56303036849542,434.56303036849545,434,direct,retrograde,2448185.3121657763
57.75318586161799,57.75318586161799,57,retrograde,direct,2448258.034353379
117.62240690875427,477.6224069087543,477,direct,retrograde,2448955.4795276243
98.67541486188705,98.67541486188705,98,retrograde,direct,2449033.821621936
152.6690202204718,512.6690202204718,512,direct,retrograde,2449720.393846783
133.16517127357002,133.16517127357002,133,retrograde,direct,2449801.2210705634
185.92280877162955,545.9228087716295,545,direct,retrograde,2450485.5257327426
166.73829259893765,166.73829259893765,166,retrograde,direct,2450566.2982021905
222.20316211659173,582.2031621165918,582,direct,retrograde,2451256.0699528567
204.44789499972387,204.44789499972387,204,retrograde,direct,2451333.7572809523
269.04903083995936,629.0490308399594,629,direct,retrograde,2452041.1722289734
255.10813350195542,255.10813350195542,255,retrograde,direct,2452110.447878492
340.1338390200469,700.1338390200469,700,direct,retrograde,2452849.817140232
330.1185457750507,330.1185457750507,330,retrograde,direct,2452909.8278568517
53.37232221423635,413.37232221423636,413,direct,retrograde,2453645.4192036754
38.2356000347588,38.2356000347588,38,retrograde,direct,2453714.669099196
102.45088601777593,462.45088601777593,462,direct,retrograde,2454419.8503441764
84.0777617475592,84.0777617475592,84,retrograde,direct,2454496.439825452
139.69519208691423,499.69519208691423,499,direct,retrograde,2455186.059956168
120.29478406222216,120.29478406222216,120,retrograde,direct,2455266.2144354414
173.09286321647392,533.0928632164739,533,direct,retrograde,2455950.537250354
153.6821128573831,153.6821128573831,153,retrograde,direct,2456031.661807498
207.5327936572603,567.5327936572603,567,direct,retrograde,2456718.1830110922
189.0253845948466,189.0253845948466,189,retrograde,direct,2456797.563321286
248.90066712334772,608.9006671233477,608,direct,retrograde,2457496.0096146166
233.05790367391276,233.05790367391276,233,retrograde,direct,2457569.4849402104
309.21797249503703,669.217972495037,669,direct,retrograde,2458296.378076804
298.60987826056925,298.60987826056925,298,retrograde,direct,2458358.086773147
28.14168455836419,388.1416845583642,388,direct,retrograde,2459102.432185242
15.233333116591735,15.233333116591735,15,retrograde,direct,2459167.524830904
85.61396412670196,445.61396412670194,445,direct,retrograde,2459883.0594951008
68.1291432496699,68.1291432496699,68,retrograde,direct,2459957.3724633893
126.17106559079829,486.1710655907983,486,direct,retrograde,2460651.4813823057
107.01520794432221,107.01520794432221,107,retrograde,direct,2460730.5831980575
160.42901170478154,520.4290117047815,520,direct,retrograde,2461416.0411708606
140.92660685305466,140.92660685305466,140,retrograde,direct,2461497.089059907
193.9226097306934,553.9226097306935,553,direct,retrograde,2462181.8447115626
174.92903370389732,174.92903370389732,174,retrograde,direct,2462262.2915948424
231.63607061219065,591.6360706121907,591,direct,retrograde,2462954.5240718145
214.43801161541194,214.43801161541194,214,retrograde,direct,2463030.9975865157
282.504729119641,642.5047291196411,642,direct,retrograde,2463744.491250598
269.7917287412433,269.7917287412433,269,retrograde,direct,2463811.100367807
358.4339619596137,718.4339619596137,718,direct,retrograde,2464554.917487014
347.75703010863907,347.75703010863907,347,retrograde,direct,2464615.8557678573
66.26334656622865,426.2633465662286,426,direct,retrograde,2465344.464636896
50.126608045412596,50.126608045412596,50,retrograde,direct,2465415.7716868296
111.75417276678903,471.754172766789,471,direct,retrograde,2466116.3663682323
93.02858312453203,93.02858312453203,93,retrograde,direct,2466193.991800938
147.65450677586182,507.6545067758618,507,direct,retrograde,2466881.7356476886
128.18052101376506,128.18052101376506,128,retrograde,direct,2466962.3268734626
180.88363225094454,540.8836322509445,540,direct,retrograde,2467646.4658464007
161.57971110244065,161.57971110244065,161,retrograde,direct,2467727.4834606256
216.23235583928493,576.232355839285,576,direct,retrograde,2468415.590773901
198.104365622698,198.104365622698,198,retrograde,direct,2468494.146869857
260.37365801527125,620.3736580152713,620,direct,retrograde,2469197.2035633726
245.51761522470935,245.51761522470935,245,retrograde,direct,2469268.4433182534
326.70674957153574,686.7067495715357,686,direct,retrograde,2470002.7516184673
316.7105371712571,316.7105371712571,316,retrograde,direct,2470062.959539328
43.38231347273685,403.3823134727368,403,direct,retrograde,2470803.300205406
29.188861037624484,29.188861037624484,29,retrograde,direct,2470870.763866524
95.90596103251026,455.9059610325103,455,direct,retrograde,2471580.280071659
77.8856015295265,77.8856015295265,77,retrograde,direct,2471655.9181634746
134.47069586726587,494.4706958672659,494,direct,retrograde,2472347.345877667
115.16007039825858,115.16007039825858,115,retrograde,direct,2472427.064498078
168.16032120531116,528.1603212053112,528,direct,retrograde,2473111.74910846
148.69328395233427,148.69328395233427,148,retrograde,direct,2473192.908432165
202.0703795104926,562.0703795104926,562,direct,retrograde,2473878.447627902
183.31878096858998,183.31878096858998,183,retrograde,direct,2473958.4033315005
241.61138596459847,601.6113859645984,601,direct,retrograde,2474653.761313971
225.09528246267303,225.09528246267303,225,retrograde,direct,2474728.695755165
297.386545439491,657.386545439491,657,direct,retrograde,2475449.334585949
285.92495105000444,285.92495105000444,285,retrograde,direct,2475513.113187466
16.101753776779105,376.1017537767791,376,direct,retrograde,2476258.513064068
4.269468985660003,4.269468985660003,4,retrograde,direct,2476321.6222606543
78.06814771858295,438.06814771858296,438,direct,retrograde,2477042.7607939653
61.1219758933348,61.1219758933348,61,retrograde,direct,2477115.843232712
120.58975274107136,480.5897527410714,480,direct,retrograde,2477812.5602644663
101.59925177985562,101.59925177985562,101,retrograde,direct,2477891.0293017384
155.46840577213788,515.4684057721379,515,direct,retrograde,2478577.376317788
135.96410508444853,135.96410508444853,135,retrograde,direct,2478658.2575570755
188.75607479370177,548.7560747937018,548,direct,retrograde,2479342.5895064436
169.60347697864037,169.60347697864037,169,retrograde,direct,2479423.3723426275
225.2725538730186,585.2725538730186,585,direct,retrograde,2480113.530573831
207.61244013571658,207.61244013571658,207,retrograde,direct,2480191.035065796
272.81317716360627,632.8131771636063,632,direct,retrograde,2480899.431748476
259.0900220170701,259.0900220170701,259,retrograde,direct,2480968.2120062215
344.9385201117764,704.9385201117764,704,direct,retrograde,2481708.6778508527
334.84587462641906,334.84587462641906,334,retrograde,direct,2481768.675614734
57.272298119028655,417.2722981190287,417,direct,retrograde,2482503.106314634
41.930612388664564,41.930612388664564,41,retrograde,direct,2482572.81652271
105.6356918563639,465.6356918563639,465,direct,retrograde,2483277.0905629545
87.18334517592534,87.18334517592534,87,retrograde,direct,2483353.8744189125
142.57932979862713,502.5793297986271,502,direct,retrograde,2484043.0902893962
123.15859756171035,123.15859756171035,123,retrograde,direct,2484123.3173247715
175.91347333670964,535.9134733367097,535,direct,retrograde,2484807.5665906444
156.51840903493533,156.51840903493533,156,retrograde,direct,2484888.694771733
210.51067414280834,570.5106741428083,570,direct,retrograde,2485575.4940580986
192.07203275936993,192.07203275936993,192,retrograde,direct,2485654.750556442
252.36968634052306,612.369686340523,612,direct,retrograde,2486354.0453567784
236.70294487844276,236.70294487844276,236,retrograde,direct,2486427.03423894
313.8009669606236,673.8009669606236,673,direct,retrograde,2487155.449037575
303.364731873317,303.364731873317,303,retrograde,direct,2487216.791411314
32.48970757225266,392.48970757225266,392,direct,retrograde,2487960.460334109
19.34028229005496,19.34028229005496,19,retrograde,direct,2488025.9896959215
88.95928101199942,448.95928101199945,448,direct,retrograde,2488740.4239255656
71.3678971839616,71.3678971839616,71,retrograde,direct,2488814.9685434764
129.11545544864103,489.115455448641,489,direct,retrograde,2489508.565450684
109.92614032293302,109.92614032293302,109,retrograde,direct,2489587.7292672647
163.2432202922574,523.2432202922574,523,direct,retrograde,2490273.05239312
143.74427567377572,143.74427567377572,143,retrograde,direct,2490354.11125974
196.76493617269963,556.7649361726997,556,direct,retrograde,2491038.962347675
177.80817359426572,177.80817359426572,177,retrograde,direct,2491119.3401372647
234.77437806605485,594.7743780660549,594,direct,retrograde,2491812.1204569796
217.68582957204217,217.68582957204217,217,retrograde,direct,2491888.2919923123
286.51918823048254,646.5191882304825,646,direct,retrograde,2492603.074120993
274.051444209998,274.051444209998,274,retrograde,direct,2492669.134437726
3.2025611096791735,363.20256110967915,363,direct,retrograde,2493413.582437788
352.33315758226036,352.33315758226036,352,retrograde,direct,2493474.894653273
69.92225989502857,429.92225989502856,429,direct,retrograde,2494202.0472646616
53.622033935767995,53.622033935767995,53,retrograde,direct,2494273.730944967
114.79936339585421,474.79936339585424,474,direct,retrograde,2494973.5213455157
96.01889976162163,96.01889976162163,96,retrograde,direct,2495051.2422919013
150.48198838329748,510.48198838329745,510,direct,retrograde,2495738.755610171
131.00085558269402,131.00085558269402,131,retrograde,direct,2495819.340031638
183.71422351417138,543.7142235141714,543,direct,retrograde,2496503.538280855
164.43552194400715,164.43552194400715,164,retrograde,direct,2496584.5091427974
219.25453223971064,579.2545322397107,579,direct,retrograde,2497272.9946181
201.20692158479673,201.20692158479673,201,retrograde,direct,2497351.3470477005
263.959604762213,623.9596047622131,623,direct,retrograde,2498055.269846062
249.29626509274496,249.29626509274496,249,retrograde,direct,2498126.066678508
331.4284936638201,691.4284936638201,691,direct,retrograde,2498861.6577062868
321.46414663999155,321.46414663999155,321,retrograde,direct,2498921.7274170043
47.466351933119476,407.4663519331195,407,direct,retrograde,2499661.157269042
33.04302303556625,33.04302303556625,33,retrograde,direct,2499729.075567443
99.1634475948695,459.16344759486947,459,direct,retrograde,2500437.5816952838
81.0465723529161,81.0465723529161,81,retrograde,direct,2500513.399113102
137.3858212220467,497.38582122204673,497,direct,retrograde,2501204.409203523
118.04709853886243,118.04709853886243,118,retrograde,direct,2501284.165415949
170.9815561492349,530.9815561492348,530,direct,retrograde,2501968.7957724743
151.52442780476943,151.52442780476943,151,retrograde,direct,2502049.8978549317
205.00105186044198,565.001051860442,565,direct,retrograde,2502735.6987230824
186.3031802777667,186.3031802777667,186,retrograde,direct,2502815.492568602
244.95525436626855,604.9552543662685,604,direct,retrograde,2503511.621154666
228.58893205714327,228.58893205714327,228,retrograde,direct,2503586.114751991
301.7483706731001,661.7483706731001,661,direct,retrograde,2504308.3659507874
290.52186299253844,290.52186299253844,290,retrograde,direct,2504371.580654498
20.644323506058548,380.6443235060585,380,direct,retrograde,2505116.7535329163
8.573473605717535,8.573473605717535,8,retrograde,direct,2505180.3197688432
81.51986957964704,441.51986957964704,441,direct,retrograde,2505900.2225827845
64.44273053257446,64.44273053257446,64,retrograde,direct,2505973.537655335
123.57518982597733,483.5751898259773,483,direct,retrograde,2506669.691208372
104.54311347323355,104.54311347323355,104,retrograde,direct,2506748.2111250013
158.29623979732364,518.2962397973237,518,direct,retrograde,2507434.417643737
138.79083905377883,138.79083905377883,138,retrograde,direct,2507515.2632064037
191.59716675353857,551.5971667535385,551,direct,retrograde,2508199.717719421
172.4753145462744,172.4753145462744,172,retrograde,direct,2508280.3736902075
228.3585017263175,588.3585017263175,588,direct,retrograde,2508971.0420772163
210.791051336029,210.791051336029,210,retrograde,direct,2509048.2467245283
276.62744890732813,636.6274489073281,636,direct,retrograde,2509757.745098125
263.13447246876666,263.13447246876666,263,retrograde,direct,2509826.0653129322
349.7861626647296,709.7861626647295,709,direct,retrograde,2510567.616576952
339.5932506863373,339.5932506863373,339,retrograde,direct,2510627.699302446
61.1178094846362,421.1178094846362,421,direct,retrograde,2511360.851739401
45.58053290605902,45.58053290605902,45,retrograde,direct,2511430.9604637306
108.73845348068241,468.73845348068244,468,direct,retrograde,2512134.288526359
90.21668647861935,90.21668647861935,90,retrograde,direct,2512211.1717227222
145.4076685711479,505.4076685711479,505,direct,retrograde,2512900.118983429
125.97254970996548,125.97254970996548,125,retrograde,direct,2512980.331618199
178.71870838481317,538.7187083848132,538,direct,retrograde,2513664.6394948773
159.3439706477005,159.3439706477005,159,retrograde,direct,2513745.6790084345
213.47071850484105,573.470718504841,573,direct,retrograde,2514432.820839327
195.09925197414057,195.09925197414057,195,retrograde,direct,2514511.8535526413
255.80946289441388,615.8094628944139,615,direct,retrograde,2515211.9501458528
240.31306885154927,240.31306885154927,240,retrograde,direct,2515284.527009341
318.3757449318215,678.3757449318215,678,direct,retrograde,2516014.3241401175
308.06711193840556,308.06711193840556,308,retrograde,direct,2516075.4142980315
36.76927675416378,396.7692767541638,396,direct,retrograde,2516818.47342527
23.37217344638216,23.37217344638216,23,retrograde,direct,2516884.4581055064
92.31400004143394,452.3140000414339,452,direct,retrograde,2517597.7801066665
74.6031830081629,74.6031830081629,74,retrograde,direct,2517672.527748199
132.07074958742822,492.0707495874282,492,direct,retrograde,2518365.651664773
112.84391342522429,112.84391342522429,112,retrograde,direct,2518444.8778401148
166.05782506171627,526.0578250617162,526,direct,retrograde,2519130.103334469
146.56258567723194,146.56258567723194,146,retrograde,direct,2519211.0934590995
199.65726776837994,559.6572677683799,559,direct,retrograde,2519896.17927878
180.74423419790375,180.74423419790375,180,retrograde,direct,2519976.3822760694
238.02774139169645,598.0277413916965,598,direct,retrograde,2520669.8606332354
221.06841267658552,221.06841267658552,221,retrograde,direct,2520745.640990898
290.66238957154417,650.6623895715442,650,direct,retrograde,2521461.902147622
278.45609078130985,278.45609078130985,278,retrograde,direct,2521527.3848172296
7.961156550241532,367.9611565502415,367,direct,retrograde,2522272.09418201
356.8899353107132,356.8899353107132,356,retrograde,direct,2522333.849931401
73.55080216598456,433.5508021659846,433,direct,retrograde,2523059.629324291
57.09047460727008,57.09047460727008,57,retrograde,direct,2523131.573685536
117.84347328454238,477.84347328454237,477,direct,retrograde,2523830.652483778
99.01103509379922,99.01103509379922,99,retrograde,direct,2523908.4700538507
153.32100227269115,513.3210022726912,513,direct,retrograde,2524595.7836473268
133.8311846775817,133.8311846775817,133,retrograde,direct,2524676.3630102556
186.53202795113802,546.532027951138,546,direct,retrograde,2525360.652747986
167.27762722654688,167.27762722654688,167,retrograde,direct,2525441.4866814734
222.24655122735695,582.2465512273569,582,direct,retrograde,2526130.398890525
204.27580311309762,204.27580311309762,204,retrograde,direct,2526208.468105505
267.56507498625786,627.5650749862579,627,direct,retrograde,2526913.3565006508
253.10848046949184,253.10848046949184,253,retrograde,direct,2526983.7437584847
336.22220222707153,696.2222022270715,696,direct,retrograde,2527720.7407387365
326.2744701083394,326.2744701083394,326,retrograde,direct,2527780.564831894
51.507655283909855,411.50765528390986,411,direct,retrograde,2528519.046012966
36.860497776655144,36.860497776655144,36,retrograde,direct,2528587.4121346716
102.36631847710474,462.36631847710476,462,direct,retrograde,2529294.8117818423
84.16342303100976,84.16342303100976,84,retrograde,direct,2529370.7857278157
140.25937941937744,500.2593794193774,500,direct,retrograde,2530061.429911268
120.89876713653133,120.89876713653133,120,retrograde,direct,2530141.233579498
173.78588016652247,533.7858801665225,533,direct,retrograde,2530825.842242283
154.34246351596212,154.34246351596212,154,retrograde,direct,2530906.879858833
207.9256013040852,567.9256013040851,567,direct,retrograde,2531592.970696561
189.28286517379533,189.28286517379533,189,retrograde,direct,2531672.560232559
248.2807497956414,608.2807497956414,608,direct,retrograde,2532369.3943158397
232.0642475899467,232.0642475899467,232,retrograde,direct,2532443.5327437334
306.09667900094195,666.096679000942,666,direct,retrograde,2533167.180915038
295.06368732463727,295.06368732463727,295,retrograde,direct,2533230.013411563
25.133057349003874,385.1330573490039,385,direct,retrograde,2533974.958268539
12.815070865091347,12.815070865091347,12,retrograde,direct,2534038.954624817
85.00465139439173,445.0046513943917,445,direct,retrograde,2534757.655840613
67.78483646167007,67.78483646167007,67,retrograde,direct,2534831.219210868
126.5868179967449,486.5868179967449,486,direct,retrograde,2535526.767005669
107.50886295810888,107.50886295810888,107,retrograde,direct,2535605.4224983957
161.1319858854235,521.1319858854235,521,direct,retrograde,2536291.4380551986
141.62269799672853,141.62269799672853,141,retrograde,direct,2536372.276757639
194.46881264422527,554.4688126442253,554,direct,retrograde,2537056.878784893
175.38087610313013,175.38087610313013,175,retrograde,direct,2537137.396226964
231.5083083401401,591.50830834014,591,direct,retrograde,2537828.614246033
214.0481085217044,214.0481085217044,214,retrograde,direct,2537905.502660162
280.5395030057455,640.5395030057455,640,direct,retrograde,2538616.3114475124
267.3014176373269,267.3014176373269,267,retrograde,direct,2538684.089593895
354.64075395948305,714.640753959483,714,direct,retrograde,2539426.4316130094
344.3287905921774,344.3287905921774,344,retrograde,direct,2539486.8032370163
64.89313739561172,424.8931373956117,424,direct,retrograde,2540218.535253687
49.167809977980305,49.167809977980305,49,retrograde,direct,2540288.9610024784
111.83602759047469,471.8360275904747,471,direct,retrograde,2540991.420775624
93.25309875702415,93.25309875702415,93,retrograde,direct,2541068.478134554
148.2729543876403,508.2729543876403,508,direct,retrograde,2541757.126690072
128.8246833302055,128.8246833302055,128,retrograde,direct,2541837.4094307898
181.54210840875473,541.5421084087548,541,direct,retrograde,2542521.718921316
162.18672670565306,162.18672670565306,162,retrograde,direct,2542602.668243509
216.43203954087352,576.4320395408736,576,direct,retrograde,2543290.143512695
198.12398856300422,198.12398856300422,198,retrograde,direct,2543368.948935194
259.28236387547855,619.2823638754785,619,direct,retrograde,2544069.8572629206
243.96573953935004,243.96573953935004,243,retrograde,direct,2544142.1010111626
323.0119425912219,683.0119425912219,683,direct,retrograde,2544873.341073987
312.82362150478934,312.82362150478934,312,retrograde,direct,2544934.0284536835
41.03342191244444,401.03342191244445,401,direct,retrograde,2545676.5615634248
27.390883529469118,27.390883529469118,27,retrograde,direct,2545743.009294182
95.62181390246184,455.62181390246184,455,direct,retrograde,2546455.068232663
77.80619640396046,77.80619640396046,77,retrograde,direct,2546530.0407000594
134.9684872276299,494.9684872276299,494,direct,retrograde,2547222.6526289107
115.7138635419693,115.7138635419693,115,retrograde,direct,2547302.0185182896
168.852723282247,528.852723282247,528,direct,retrograde,2547987.102070976
149.3657610670343,149.3657610670343,149,retrograde,direct,2548068.102964934
202.54876457406272,562.5487645740627,562,direct,retrograde,2548753.3856834797
183.68230486689106,183.68230486689106,183,retrograde,direct,2548833.4325361205
241.24482535218263,601.2448253521826,601,direct,retrograde,2549527.460822747
224.41408631056794,224.41408631056794,224,retrograde,direct,2549602.9609244065
294.7742501940289,654.7742501940289,654,direct,retrograde,2550320.594343423
282.7905785299231,282.7905785299231,282,retrograde,direct,2550385.5730961272
12.619532310593115,372.6195323105931,372,direct,retrograde,2551130.4924207963
1.3274379176742022,1.3274379176742022,1,retrograde,direct,2551192.628416665
77.14463579963832,437.1446357996383,437,direct,retrograde,2551917.110995652
60.518498547339775,60.518498547339775,60,retrograde,direct,2551989.359836707
120.89050077541908,480.89050077541907,480,direct,retrograde,2552687.73156536
102.00305751225046,102.00305751225046,102,retrograde,direct,2552765.7693232875
156.1592901210493,516.1592901210493,516,direct,retrograde,2553452.774472695
136.659216176327,136.659216176327,136,retrograde,direct,2553533.4366647713
189.36979635179122,549.3697963517913,549,direct,retrograde,2554217.745228097
170.14251223470984,170.14251223470984,170,retrograde,direct,2554298.5137087535
225.3248936162907,585.3248936162906,585,direct,retrograde,2554987.840378618
207.44408167628816,207.44408167628816,207,retrograde,direct,2555065.6819470813
271.313595914766,631.313595914766,631,direct,retrograde,2555771.6883017533
257.09045667567017,257.09045667567017,257,retrograde,direct,2555841.6322007338
341.0879347855845,701.0879347855845,701,direct,retrograde,2556579.8194501493
331.13818484901793,331.13818484901793,331,retrograde,direct,2556639.6024644757
55.50745499212645,415.50745499212644,415,direct,retrograde,2557376.8974428885
40.64326866518618,40.64326866518618,40,retrograde,direct,2557445.6264499305
105.5555832623345,465.5555832623345,465,direct,retrograde,2558151.9801241476
87.27664579035545,87.27664579035545,87,retrograde,direct,2558228.198499065
143.1439481053201,503.1439481053201,503,direct,retrograde,2558918.4160045786
123.76437709718093,123.76437709718093,123,retrograde,direct,2558998.3692405364
176.5936901964615,536.5936901964615,536,direct,retrograde,2559682.871397876
157.16365613782557,157.16365613782557,157,retrograde,direct,2559763.902672588
210.82906001180478,570.8290600118048,570,direct,retrograde,2560450.203040463
192.23940082359206,192.23940082359206,192,retrograde,direct,2560529.641945484
251.59083030412378,611.5908303041238,611,direct,retrograde,2561227.1088814326
235.5274512764202,235.5274512764202,235,retrograde,direct,2561300.996920146
310.4942721538553,670.4942721538553,670,direct,retrograde,2562025.9951554863
299.6506559033437,299.6506559033437,299,retrograde,direct,2562088.366722673
29.60648466100352,389.6064846610035,389,direct,retrograde,2562833.2478537885
17.03729462251852,17.03729462251852,17,retrograde,direct,2562897.666495381
88.42602630294229,448.4260263029423,448,direct,retrograde,2563614.977223035
71.08386179388042,71.08386179388042,71,retrograde,direct,2563688.8319058903
129.53003084598197,489.53003084598197,489,direct,retrograde,2564383.76622824
110.41719346811409,110.41719346811409,110,retrograde,direct,2564462.6385553293
163.92841659076433,523.9284165907643,523,direct,retrograde,2565148.392785304
144.41978011423052,144.41978011423052,144,retrograde,direct,2565229.3196748383
