shell_sign_id,shell_id,sign_ordinal,sign_name,sign_start_degree,first_direct_ingress_jd_ut,first_direct_ingress_utc,next_sign_first_direct_ingress_jd_ut,next_sign_first_direct_ingress_utc,transition_crossings,transition_crossing_count
Z21.01,Z21,1,Aries,0,2297171.740867775,1577-05-05T05:46:50.976Z,2307828.495696569,1606-07-08T23:53:48.184Z,"[{""jd_ut"":2297171.740867775,""utc"":""1577-05-05T05:46:50.976Z"",""motion"":""direct""},{""jd_ut"":2297286.5545825465,""utc"":""1577-08-28T01:18:35.932Z"",""motion"":""retrograde""},{""jd_ut"":2297490.259656082,""utc"":""1578-03-19T18:13:54.285Z"",""motion"":""direct""},{""jd_ut"":2297711.0236680843,""utc"":""1578-10-26T12:34:04.922Z"",""motion"":""retrograde""},{""jd_ut"":2297807.3231940987,""utc"":""1579-01-30T19:45:23.970Z"",""motion"":""direct""}]",5
Z21.02,Z21,2,Taurus,30,2307828.495696569,1606-07-08T23:53:48.184Z,2319517.034424579,1638-07-09T12:49:34.284Z,"[{""jd_ut"":2307828.495696569,""utc"":""1606-07-08T23:53:48.184Z"",""motion"":""direct""},{""jd_ut"":2307872.217167545,""utc"":""1606-08-21T17:12:43.276Z"",""motion"":""retrograde""},{""jd_ut"":2308133.9454573905,""utc"":""1607-05-10T10:41:27.519Z"",""motion"":""direct""},{""jd_ut"":2308302.811219318,""utc"":""1607-10-26T07:28:09.349Z"",""motion"":""retrograde""},{""jd_ut"":2308457.33443485,""utc"":""1608-03-28T20:01:35.171Z"",""motion"":""direct""}]",5
Z21.03,Z21,3,Gemini,60,2319517.034424579,1638-07-09T12:49:34.284Z,2330490.068364661,1668-07-24T13:38:26.707Z,"[{""jd_ut"":2319517.034424579,""utc"":""1638-07-09T12:49:34.284Z"",""motion"":""direct""},{""jd_ut"":2319621.7347782934,""utc"":""1638-10-22T05:38:04.845Z"",""motion"":""retrograde""},{""jd_ut"":2319836.5898531526,""utc"":""1639-05-25T02:09:23.312Z"",""motion"":""direct""},{""jd_ut"":2320040.556516369,""utc"":""1639-12-15T01:21:23.014Z"",""motion"":""retrograde""},{""jd_ut"":2320158.1603314923,""utc"":""1640-04-10T15:50:52.641Z"",""motion"":""direct""}]",5
Z21.04,Z21,4,Cancer,90,2330490.068364661,1668-07-24T13:38:26.707Z,2339296.509016726,1692-09-03T00:12:59.045Z,"[{""jd_ut"":2330490.068364661,""utc"":""1668-07-24T13:38:26.707Z"",""motion"":""direct""},{""jd_ut"":2330627.0059024636,""utc"":""1668-12-08T12:08:29.973Z"",""motion"":""retrograde""},{""jd_ut"":2330809.7848597737,""utc"":""1669-06-09T06:50:11.884Z"",""motion"":""direct""},{""jd_ut"":2331055.5004503224,""utc"":""1670-02-10T00:00:38.908Z"",""motion"":""retrograde""},{""jd_ut"":2331118.5438771145,""utc"":""1670-04-14T01:03:10.983Z"",""motion"":""direct""}]",5
Z21.05,Z21,5,Leo,120,2339296.509016726,1692-09-03T00:12:59.045Z,2345914.8749986747,1710-10-18T08:59:59.885Z,"[{""jd_ut"":2339296.509016726,""utc"":""1692-09-03T00:12:59.045Z"",""motion"":""direct""},{""jd_ut"":2339414.37378323,""utc"":""1692-12-29T20:58:14.871Z"",""motion"":""retrograde""},{""jd_ut"":2339609.4348783502,""utc"":""1693-07-12T22:26:13.489Z"",""motion"":""direct""},{""jd_ut"":2339853.8543087495,""utc"":""1694-03-14T08:30:12.276Z"",""motion"":""retrograde""},{""jd_ut"":2339910.3081951533,""utc"":""1694-05-09T19:23:48.061Z"",""motion"":""direct""}]",5
Z21.06,Z21,6,Virgo,150,2345914.8749986747,1710-10-18T08:59:59.885Z,2351056.4842621638,1724-11-14T23:37:20.251Z,"[{""jd_ut"":2345914.8749986747,""utc"":""1710-10-18T08:59:59.885Z"",""motion"":""direct""},{""jd_ut"":2346006.784707672,""utc"":""1711-01-18T06:49:58.743Z"",""motion"":""retrograde""},{""jd_ut"":2346218.0623769388,""utc"":""1711-08-17T13:29:49.368Z"",""motion"":""direct""},{""jd_ut"":2346462.711929084,""utc"":""1712-04-18T05:05:10.673Z"",""motion"":""retrograde""},{""jd_ut"":2346508.58927809,""utc"":""1712-06-03T02:08:33.627Z"",""motion"":""direct""}]",5
Z21.07,Z21,7,Libra,180,2351056.4842621638,1724-11-14T23:37:20.251Z,2355460.9973751213,1736-12-06T11:56:13.210Z,"[{""jd_ut"":2351056.4842621638,""utc"":""1724-11-14T23:37:20.251Z"",""motion"":""direct""},{""jd_ut"":2351155.0720921606,""utc"":""1725-02-21T13:43:48.763Z"",""motion"":""retrograde""},{""jd_ut"":2351355.6763050016,""utc"":""1725-09-10T04:13:52.752Z"",""motion"":""direct""}]",3
Z21.08,Z21,8,Scorpio,210,2355460.9973751213,1736-12-06T11:56:13.210Z,2359848.2164927227,1748-12-10T17:11:44.971Z,"[{""jd_ut"":2355460.9973751213,""utc"":""1736-12-06T11:56:13.210Z"",""motion"":""direct""},{""jd_ut"":2355579.5795918927,""utc"":""1737-04-04T01:54:36.740Z"",""motion"":""retrograde""},{""jd_ut"":2355760.5150367534,""utc"":""1737-10-02T00:21:39.175Z"",""motion"":""direct""}]",3
Z21.09,Z21,9,Sagittarius,240,2359848.2164927227,1748-12-10T17:11:44.971Z,2364624.620799032,1762-01-08T02:53:57.036Z,"[{""jd_ut"":2359848.2164927227,""utc"":""1748-12-10T17:11:44.971Z"",""motion"":""direct""},{""jd_ut"":2360027.552194014,""utc"":""1749-06-08T01:15:09.563Z"",""motion"":""retrograde""},{""jd_ut"":2360148.9567077104,""utc"":""1749-10-07T10:57:39.546Z"",""motion"":""direct""}]",3
Z21.10,Z21,10,Capricorn,270,2364624.620799032,1762-01-08T02:53:57.036Z,2370190.2027120367,1777-04-04T16:51:54.320Z,"[{""jd_ut"":2364624.620799032,""utc"":""1762-01-08T02:53:57.036Z"",""motion"":""direct""},{""jd_ut"":2364805.8411181048,""utc"":""1762-07-08T08:11:12.604Z"",""motion"":""retrograde""},{""jd_ut"":2364930.247050546,""utc"":""1762-11-09T17:55:45.167Z"",""motion"":""direct""}]",3
Z21.11,Z21,11,Aquarius,300,2370190.2027120367,1777-04-04T16:51:54.320Z,2377502.0420999518,1797-04-11T13:00:37.436Z,"[{""jd_ut"":2370190.2027120367,""utc"":""1777-04-04T16:51:54.320Z"",""motion"":""direct""},{""jd_ut"":2370243.110463462,""utc"":""1777-05-27T14:39:04.043Z"",""motion"":""retrograde""},{""jd_ut"":2370487.5132128773,""utc"":""1778-01-27T00:19:01.593Z"",""motion"":""direct""},{""jd_ut"":2370693.1235495014,""utc"":""1778-08-20T14:57:54.677Z"",""motion"":""retrograde""},{""jd_ut"":2370796.3724035276,""utc"":""1778-12-01T20:56:15.665Z"",""motion"":""direct""}]",5
Z21.12,Z21,12,Pisces,330,2377502.0420999518,1797-04-11T13:00:37.436Z,2386637.0793997087,1822-04-16T13:54:20.135Z,"[{""jd_ut"":2377502.0420999518,""utc"":""1797-04-11T13:00:37.436Z"",""motion"":""direct""},{""jd_ut"":2377602.5640159883,""utc"":""1797-07-21T01:32:10.981Z"",""motion"":""retrograde""},{""jd_ut"":2377814.4981125686,""utc"":""1798-02-17T23:57:16.926Z"",""motion"":""direct""},{""jd_ut"":2378036.936844182,""utc"":""1798-09-28T10:29:03.337Z"",""motion"":""retrograde""},{""jd_ut"":2378126.100185411,""utc"":""1798-12-26T14:24:16.020Z"",""motion"":""direct""}]",5
Z22.01,Z22,1,Aries,0,2386637.0793997087,1822-04-16T13:54:20.135Z,2397262.9576194435,1851-05-20T10:58:58.320Z,"[{""jd_ut"":2386637.0793997087,""utc"":""1822-04-16T13:54:20.135Z"",""motion"":""direct""},{""jd_ut"":2386793.1140889255,""utc"":""1822-09-19T14:44:17.283Z"",""motion"":""retrograde""},{""jd_ut"":2386957.910776185,""utc"":""1823-03-03T09:51:31.062Z"",""motion"":""direct""}]",3
Z22.02,Z22,2,Taurus,30,2397262.9576194435,1851-05-20T10:58:58.320Z,2408648.410722484,1882-07-21T21:51:26.423Z,"[{""jd_ut"":2397262.9576194435,""utc"":""1851-05-20T10:58:58.320Z"",""motion"":""direct""},{""jd_ut"":2397410.191398981,""utc"":""1851-10-14T16:35:36.872Z"",""motion"":""retrograde""},{""jd_ut"":2397586.04365886,""utc"":""1852-04-07T13:02:52.126Z"",""motion"":""direct""},{""jd_ut"":2397834.5255363053,""utc"":""1852-12-12T00:36:46.337Z"",""motion"":""retrograde""},{""jd_ut"":2397898.8483518483,""utc"":""1853-02-14T08:21:37.600Z"",""motion"":""direct""}]",5
Z22.03,Z22,3,Gemini,60,2408648.410722484,1882-07-21T21:51:26.423Z,2419656.1876045633,1912-09-10T16:30:09.034Z,"[{""jd_ut"":2408648.410722484,""utc"":""1882-07-21T21:51:26.423Z"",""motion"":""direct""},{""jd_ut"":2408727.854405866,""utc"":""1882-10-09T08:30:20.667Z"",""motion"":""retrograde""},{""jd_ut"":2408963.549680354,""utc"":""1883-06-02T01:11:32.383Z"",""motion"":""direct""},{""jd_ut"":2409149.410784778,""utc"":""1883-12-04T21:51:31.805Z"",""motion"":""retrograde""},{""jd_ut"":2409286.519082577,""utc"":""1884-04-20T00:27:28.735Z"",""motion"":""direct""}]",5
Z22.04,Z22,4,Cancer,90,2419656.1876045633,1912-09-10T16:30:09.034Z,2428814.0099122487,1937-10-07T12:14:16.418Z,"[{""jd_ut"":2419656.1876045633,""utc"":""1912-09-10T16:30:09.034Z"",""motion"":""direct""},{""jd_ut"":2419695.84585075,""utc"":""1912-10-20T08:18:01.505Z"",""motion"":""retrograde""},{""jd_ut"":2419958.433868304,""utc"":""1913-07-09T22:24:46.221Z"",""motion"":""direct""},{""jd_ut"":2420129.678687229,""utc"":""1913-12-28T04:17:18.577Z"",""motion"":""retrograde""},{""jd_ut"":2420279.363411464,""utc"":""1914-05-26T20:43:18.750Z"",""motion"":""direct""}]",5
Z22.05,Z22,5,Leo,120,2428814.0099122487,1937-10-07T12:14:16.418Z,2435766.7632749723,1956-10-20T06:19:06.958Z,"[{""jd_ut"":2428814.0099122487,""utc"":""1937-10-07T12:14:16.418Z"",""motion"":""direct""},{""jd_ut"":2428862.8792959936,""utc"":""1937-11-25T09:06:11.174Z"",""motion"":""retrograde""},{""jd_ut"":2429114.2486131694,""utc"":""1938-08-03T17:58:00.178Z"",""motion"":""direct""},{""jd_ut"":2429302.039068361,""utc"":""1939-02-07T12:56:15.506Z"",""motion"":""retrograde""},{""jd_ut"":2429428.700406312,""utc"":""1939-06-14T04:48:35.105Z"",""motion"":""direct""}]",5
Z22.06,Z22,6,Virgo,150,2435766.7632749723,1956-10-20T06:19:06.958Z,2441229.762352539,1971-10-05T06:17:47.259Z,"[{""jd_ut"":2435766.7632749723,""utc"":""1956-10-20T06:19:06.958Z"",""motion"":""direct""},{""jd_ut"":2435853.6089549586,""utc"":""1957-01-15T02:36:53.708Z"",""motion"":""retrograde""},{""jd_ut"":2436069.6858216394,""utc"":""1957-08-19T04:27:34.990Z"",""motion"":""direct""},{""jd_ut"":2436305.1163674034,""utc"":""1958-04-11T14:47:34.144Z"",""motion"":""retrograde""},{""jd_ut"":2436365.291631138,""utc"":""1958-06-10T18:59:56.930Z"",""motion"":""direct""}]",5
Z22.07,Z22,7,Libra,180,2441229.762352539,1971-10-05T06:17:47.259Z,2445644.3810085356,1983-11-05T21:08:39.137Z,"[{""jd_ut"":2441229.762352539,""utc"":""1971-10-05T06:17:47.259Z"",""motion"":""direct""},{""jd_ut"":2441424.8222508654,""utc"":""1972-04-17T07:44:02.475Z"",""motion"":""retrograde""},{""jd_ut"":2441528.9885822553,""utc"":""1972-07-30T11:43:33.507Z"",""motion"":""direct""}]",3
Z22.08,Z22,8,Scorpio,210,2445644.3810085356,1983-11-05T21:08:39.137Z,2449734.8860416887,1995-01-17T09:15:54.002Z,"[{""jd_ut"":2445644.3810085356,""utc"":""1983-11-05T21:08:39.137Z"",""motion"":""direct""},{""jd_ut"":2445839.105695434,""utc"":""1984-05-18T14:32:12.085Z"",""motion"":""retrograde""},{""jd_ut"":2445940.6985508483,""utc"":""1984-08-28T04:45:54.793Z"",""motion"":""direct""}]",3
Z22.09,Z22,9,Sagittarius,240,2449734.8860416887,1995-01-17T09:15:54.002Z,2454491.6097680284,2008-01-26T02:38:03.958Z,"[{""jd_ut"":2449734.8860416887,""utc"":""1995-01-17T09:15:54.002Z"",""motion"":""direct""},{""jd_ut"":2449828.622195877,""utc"":""1995-04-21T02:55:57.724Z"",""motion"":""retrograde""},{""jd_ut"":2450032.299682131,""utc"":""1995-11-10T19:11:32.536Z"",""motion"":""direct""}]",3
Z22.10,Z22,10,Capricorn,270,2454491.6097680284,2008-01-26T02:38:03.958Z,2460027.0157429986,2023-03-23T12:22:40.195Z,"[{""jd_ut"":2454491.6097680284,""utc"":""2008-01-26T02:38:03.958Z"",""motion"":""direct""},{""jd_ut"":2454631.7166787954,""utc"":""2008-06-14T05:12:01.048Z"",""motion"":""retrograde""},{""jd_ut"":2454797.544285817,""utc"":""2008-11-27T01:03:46.295Z"",""motion"":""direct""}]",3
Z22.11,Z22,11,Aquarius,300,2460027.0157429986,2023-03-23T12:22:40.195Z,2467317.542675128,2043-03-09T01:01:27.131Z,"[{""jd_ut"":2460027.0157429986,""utc"":""2023-03-23T12:22:40.195Z"",""motion"":""direct""},{""jd_ut"":2460106.8999650534,""utc"":""2023-06-11T09:35:56.981Z"",""motion"":""retrograde""},{""jd_ut"":2460330.5387325194,""utc"":""2024-01-21T00:55:46.490Z"",""motion"":""direct""},{""jd_ut"":2460555.498788993,""utc"":""2024-09-01T23:58:15.369Z"",""motion"":""retrograde""},{""jd_ut"":2460634.360386842,""utc"":""2024-11-19T20:38:57.423Z"",""motion"":""direct""}]",5
Z22.12,Z22,12,Pisces,330,2467317.542675128,2043-03-09T01:01:27.131Z,2475819.1417904533,2066-06-17T15:24:10.695Z,"[{""jd_ut"":2467317.542675128,""utc"":""2043-03-09T01:01:27.131Z"",""motion"":""direct""},{""jd_ut"":2467493.633721551,""utc"":""2043-09-01T03:12:33.542Z"",""motion"":""retrograde""},{""jd_ut"":2467633.9087993735,""utc"":""2044-01-19T09:48:40.266Z"",""motion"":""direct""}]",3
Z23.01,Z23,1,Aries,0,2475819.1417904533,2066-06-17T15:24:10.695Z,2486402.7029821044,2095-06-09T04:52:17.654Z,"[{""jd_ut"":2475819.1417904533,""utc"":""2066-06-17T15:24:10.695Z"",""motion"":""direct""},{""jd_ut"":2475843.4150137603,""utc"":""2066-07-11T21:57:37.189Z"",""motion"":""retrograde""},{""jd_ut"":2476114.4184064474,""utc"":""2067-04-08T22:02:30.317Z"",""motion"":""direct""},{""jd_ut"":2476286.1991668586,""utc"":""2067-09-27T16:46:48.017Z"",""motion"":""retrograde""},{""jd_ut"":2476435.0696570706,""utc"":""2068-02-23T13:40:18.371Z"",""motion"":""direct""}]",5
Z23.02,Z23,2,Taurus,30,2486402.7029821044,2095-06-09T04:52:17.654Z,2498096.403358385,2127-06-15T21:40:50.164Z,"[{""jd_ut"":2486402.7029821044,""utc"":""2095-06-09T04:52:17.654Z"",""motion"":""direct""},{""jd_ut"":2486506.4247426884,""utc"":""2095-09-20T22:11:37.768Z"",""motion"":""retrograde""},{""jd_ut"":2486721.4692418566,""utc"":""2096-04-22T23:15:42.496Z"",""motion"":""direct""},{""jd_ut"":2486927.1089689406,""utc"":""2096-11-14T14:36:54.916Z"",""motion"":""retrograde""},{""jd_ut"":2487042.530177449,""utc"":""2097-03-10T00:43:27.332Z"",""motion"":""direct""}]",5
Z23.03,Z23,3,Gemini,60,2498096.403358385,2127-06-15T21:40:50.164Z,2509114.144822725,2157-08-14T15:28:32.683Z,"[{""jd_ut"":2498096.403358385,""utc"":""2127-06-15T21:40:50.164Z"",""motion"":""direct""},{""jd_ut"":2498251.707856101,""utc"":""2127-11-18T04:59:18.767Z"",""motion"":""retrograde""},{""jd_ut"":2498420.1223874846,""utc"":""2128-05-04T14:56:14.279Z"",""motion"":""direct""},{""jd_ut"":2498677.927834505,""utc"":""2129-01-17T10:16:04.901Z"",""motion"":""retrograde""},{""jd_ut"":2498729.7939664843,""utc"":""2129-03-10T07:03:18.704Z"",""motion"":""direct""}]",5
Z23.04,Z23,4,Cancer,90,2509114.144822725,2157-08-14T15:28:32.683Z,2518620.792314549,2183-08-25T07:00:55.977Z,"[{""jd_ut"":2509114.144822725,""utc"":""2157-08-14T15:28:32.683Z"",""motion"":""direct""},{""jd_ut"":2509207.4646738265,""utc"":""2157-11-15T23:09:07.819Z"",""motion"":""retrograde""},{""jd_ut"":2509430.0023049237,""utc"":""2158-06-26T12:03:19.145Z"",""motion"":""direct""},{""jd_ut"":2509630.1663663574,""utc"":""2159-01-12T15:59:34.053Z"",""motion"":""retrograde""},{""jd_ut"":2509749.585755257,""utc"":""2159-05-12T02:03:29.254Z"",""motion"":""direct""}]",5
Z23.05,Z23,5,Leo,120,2518620.792314549,2183-08-25T07:00:55.977Z,2525625.0408271346,2202-10-29T12:58:47.464Z,"[{""jd_ut"":2518620.792314549,""utc"":""2183-08-25T07:00:55.977Z"",""motion"":""direct""},{""jd_ut"":2518758.489911926,""utc"":""2184-01-09T23:45:28.390Z"",""motion"":""retrograde""},{""jd_ut"":2518936.7312644804,""utc"":""2184-07-06T05:33:01.251Z"",""motion"":""direct""},{""jd_ut"":2519206.076099231,""utc"":""2185-04-01T13:49:34.974Z"",""motion"":""retrograde""},{""jd_ut"":2519227.056025885,""utc"":""2185-04-22T13:20:40.636Z"",""motion"":""direct""}]",5
Z23.06,Z23,6,Virgo,150,2525625.0408271346,2202-10-29T12:58:47.464Z,2531110.8646143656,2217-11-05T08:45:02.681Z,"[{""jd_ut"":2525625.0408271346,""utc"":""2202-10-29T12:58:47.464Z"",""motion"":""direct""},{""jd_ut"":2525693.5148212565,""utc"":""2203-01-06T00:21:20.557Z"",""motion"":""retrograde""},{""jd_ut"":2525924.827709607,""utc"":""2203-08-25T07:51:54.110Z"",""motion"":""direct""},{""jd_ut"":2526141.763204313,""utc"":""2204-03-29T06:19:00.853Z"",""motion"":""retrograde""},{""jd_ut"":2526227.2906766944,""utc"":""2204-06-22T18:58:34.466Z"",""motion"":""direct""}]",5
Z23.07,Z23,7,Libra,180,2531110.8646143656,2217-11-05T08:45:02.681Z,2535542.2818552945,2229-12-23T18:45:52.297Z,"[{""jd_ut"":2531110.8646143656,""utc"":""2217-11-05T08:45:02.681Z"",""motion"":""direct""},{""jd_ut"":2531230.9334702836,""utc"":""2218-03-05T10:24:11.833Z"",""motion"":""retrograde""},{""jd_ut"":2531413.251274474,""utc"":""2218-09-03T18:01:50.115Z"",""motion"":""direct""}]",3
Z23.08,Z23,8,Scorpio,210,2535542.2818552945,2229-12-23T18:45:52.297Z,2539919.712708695,2241-12-18T05:06:18.031Z,"[{""jd_ut"":2535542.2818552945,""utc"":""2229-12-23T18:45:52.297Z"",""motion"":""direct""},{""jd_ut"":2535624.290915439,""utc"":""2230-03-15T18:58:55.094Z"",""motion"":""retrograde""},{""jd_ut"":2535836.488522321,""utc"":""2230-10-13T23:43:28.329Z"",""motion"":""direct""}]",3
Z23.09,Z23,9,Sagittarius,240,2539919.712708695,2241-12-18T05:06:18.031Z,2544374.4077977687,2254-02-27T21:47:13.727Z,"[{""jd_ut"":2539919.712708695,""utc"":""2241-12-18T05:06:18.031Z"",""motion"":""direct""},{""jd_ut"":2540081.89535591,""utc"":""2242-05-29T09:29:18.751Z"",""motion"":""retrograde""},{""jd_ut"":2540220.930069254,""utc"":""2242-10-15T10:19:17.984Z"",""motion"":""direct""}]",3
Z23.10,Z23,10,Capricorn,270,2544374.4077977687,2254-02-27T21:47:13.727Z,2549878.371130185,2269-03-24T20:54:25.648Z,"[{""jd_ut"":2544374.4077977687,""utc"":""2254-02-27T21:47:13.727Z"",""motion"":""direct""},{""jd_ut"":2544442.120427166,""utc"":""2254-05-06T14:53:24.907Z"",""motion"":""retrograde""},{""jd_ut"":2544669.6831074506,""utc"":""2254-12-20T04:23:40.484Z"",""motion"":""direct""},{""jd_ut"":2544910.1324744653,""utc"":""2255-08-17T15:10:45.794Z"",""motion"":""retrograde""},{""jd_ut"":2544958.9623610955,""utc"":""2255-10-05T11:05:47.999Z"",""motion"":""direct""}]",5
Z23.11,Z23,11,Aquarius,300,2549878.371130185,2269-03-24T20:54:25.648Z,2556829.015024527,2288-04-04T12:21:38.119Z,"[{""jd_ut"":2549878.371130185,""utc"":""2269-03-24T20:54:25.648Z"",""motion"":""direct""},{""jd_ut"":2549954.7383283274,""utc"":""2269-06-09T05:43:11.567Z"",""motion"":""retrograde""},{""jd_ut"":2550180.485249996,""utc"":""2270-01-20T23:38:45.600Z"",""motion"":""direct""},{""jd_ut"":2550405.3491283497,""utc"":""2270-09-02T20:22:44.689Z"",""motion"":""retrograde""},{""jd_ut"":2550483.336023668,""utc"":""2270-11-19T20:03:52.445Z"",""motion"":""direct""}]",5
Z23.12,Z23,12,Pisces,330,2556829.015024527,2288-04-04T12:21:38.119Z,2565295.0945935287,2311-06-10T14:16:12.881Z,"[{""jd_ut"":2556829.015024527,""utc"":""2288-04-04T12:21:38.119Z"",""motion"":""direct""},{""jd_ut"":2556944.6552358195,""utc"":""2288-07-29T03:43:32.375Z"",""motion"":""retrograde""},{""jd_ut"":2557142.7001707256,""utc"":""2289-02-12T04:48:14.751Z"",""motion"":""direct""},{""jd_ut"":2557383.6427003406,""utc"":""2289-10-11T03:25:29.309Z"",""motion"":""retrograde""},{""jd_ut"":2557447.9946094714,""utc"":""2289-12-14T11:52:14.258Z"",""motion"":""direct""}]",5
