row,start_utc,end_utc,start_jd_ut,end_jd_ut,F,R,W,Z,address,start_boundary,boundary_cause,next_boundary,next_boundary_cause
1,1577-05-05T05:46:50.976Z,1584-04-18T00:34:23.952Z,2297171.740867774934,2299711.523888330907,F172,R60,W30,Z21,F172.R60.W30.Z21,Z21,Pluto,F173,Saturn
2,1584-04-18T00:34:23.952Z,1592-04-07T11:22:02.558Z,2299711.523888330907,2302622.973640719429,F173,R60,W30,Z21,F173.R60.W30.Z21,F173,Saturn,R61,Uranus
3,1592-04-07T11:22:02.558Z,1613-06-19T23:14:59.794Z,2302622.973640719429,2310366.468747612089,F173,R61,W30,Z21,F173.R61.W30.Z21,R61,Uranus,F174,Saturn
4,1613-06-19T23:14:59.794Z,1643-04-05T15:30:11.435Z,2310366.468747612089,2321248.145965678617,F174,R61,W30,Z21,F174.R61.W30.Z21,F174,Saturn,F175,Saturn
5,1643-04-05T15:30:11.435Z,1672-05-22T13:24:20.099Z,2321248.145965678617,2331888.058565955609,F175,R61,W30,Z21,F175.R61.W30.Z21,F175,Saturn,F176,Saturn
6,1672-05-22T13:24:20.099Z,1675-06-24T17:05:10.408Z,2331888.058565955609,2333016.211926022545,F176,R61,W30,Z21,F176.R61.W30.Z21,F176,Saturn,R62,Uranus
7,1675-06-24T17:05:10.408Z,1697-04-30T10:27:29.835Z,2333016.211926022545,2340996.935761980712,F176,R62,W30,Z21,F176.R62.W30.Z21,R62,Uranus,W31,Neptune
8,1697-04-30T10:27:29.835Z,1702-03-24T01:37:56.793Z,2340996.935761980712,2342784.568018438295,F176,R62,W31,Z21,F176.R62.W31.Z21,W31,Neptune,F177,Saturn
9,1702-03-24T01:37:56.793Z,1731-05-05T12:45:59.003Z,2342784.568018438295,2353419.031932899728,F177,R62,W31,Z21,F177.R62.W31.Z21,F177,Saturn,F178,Saturn
10,1731-05-05T12:45:59.003Z,1759-05-13T00:20:57.040Z,2353419.031932899728,2363653.514549073763,F178,R62,W31,Z21,F178.R62.W31.Z21,F178,Saturn,R63,Uranus
11,1759-05-13T00:20:57.040Z,1761-03-09T20:04:33.457Z,2363653.514549073763,2364320.336498340592,F178,R63,W31,Z21,F178.R63.W31.Z21,R63,Uranus,F179,Saturn
12,1761-03-09T20:04:33.457Z,1790-04-18T15:10:21.066Z,2364320.336498340592,2374952.132188262418,F179,R63,W31,Z21,F179.R63.W31.Z21,F179,Saturn,F180,Saturn
13,1790-04-18T15:10:21.066Z,1819-06-13T02:57:29.803Z,2374952.132188262418,2385598.623261605389,F180,R63,W31,Z21,F180.R63.W31.Z21,F180,Saturn,F181,Saturn
14,1819-06-13T02:57:29.803Z,1822-04-16T13:54:20.135Z,2385598.623261605389,2386637.079399708658,F181,R63,W31,Z21,F181.R63.W31.Z21,F181,Saturn,Z22,Pluto
15,1822-04-16T13:54:20.135Z,1843-04-20T05:17:19.364Z,2386637.079399708658,2394310.720363010652,F181,R63,W31,Z22,F181.R63.W31.Z22,Z22,Pluto,R64,Uranus
16,1843-04-20T05:17:19.364Z,1849-04-03T15:17:33.247Z,2394310.720363010652,2396486.137190356851,F181,R64,W31,Z22,F181.R64.W31.Z22,R64,Uranus,F182,Saturn
17,1849-04-03T15:17:33.247Z,1861-04-13T20:24:32.572Z,2396486.137190356851,2400879.350376991555,F182,R64,W31,Z22,F182.R64.W31.Z22,F182,Saturn,W32,Neptune
18,1861-04-13T20:24:32.572Z,1878-05-14T20:14:38.822Z,2400879.350376991555,2407119.343504887074,F182,R64,W32,Z22,F182.R64.W32.Z22,W32,Neptune,F183,Saturn
19,1878-05-14T20:14:38.822Z,1908-03-19T14:21:43.014Z,2407119.343504887074,2418020.098414515145,F183,R64,W32,Z22,F183.R64.W32.Z22,F183,Saturn,F184,Saturn
20,1908-03-19T14:21:43.014Z,1927-03-31T17:21:58.214Z,2418020.098414515145,2424971.223590440117,F184,R64,W32,Z22,F184.R64.W32.Z22,F184,Saturn,R65,Uranus
21,1927-03-31T17:21:58.214Z,1937-04-25T06:28:32.344Z,2424971.223590440117,2428648.769818799570,F184,R65,W32,Z22,F184.R65.W32.Z22,R65,Uranus,F185,Saturn
22,1937-04-25T06:28:32.344Z,1967-03-03T21:31:16.863Z,2428648.769818799570,2439553.396722953767,F185,R65,W32,Z22,F185.R65.W32.Z22,F185,Saturn,F186,Saturn
23,1967-03-03T21:31:16.863Z,1996-04-07T08:48:56.014Z,2439553.396722953767,2450180.867314976640,F186,R65,W32,Z22,F186.R65.W32.Z22,F186,Saturn,F187,Saturn
24,1996-04-07T08:48:56.014Z,2010-05-28T01:45:41.321Z,2450180.867314976640,2455344.573394922540,F187,R65,W32,Z22,F187.R65.W32.Z22,F187,Saturn,R66,Uranus
25,2010-05-28T01:45:41.321Z,2025-03-30T11:57:56.574Z,2455344.573394922540,2460764.998571455479,F187,R66,W32,Z22,F187.R66.W32.Z22,R66,Uranus,W33,Neptune
26,2025-03-30T11:57:56.574Z,2025-05-25T03:35:52.627Z,2460764.998571455479,2460820.649914669804,F187,R66,W33,Z22,F187.R66.W33.Z22,W33,Neptune,F188,Saturn
27,2025-05-25T03:35:52.627Z,2055-03-22T18:30:15.211Z,2460820.649914669804,2471714.271009391174,F188,R66,W33,Z22,F188.R66.W33.Z22,F188,Saturn,F189,Saturn
28,2055-03-22T18:30:15.211Z,2066-06-17T15:24:10.695Z,2471714.271009391174,2475819.141790453345,F189,R66,W33,Z22,F189.R66.W33.Z22,F189,Saturn,Z23,Pluto
29,2066-06-17T15:24:10.695Z,2084-05-01T21:26:51.026Z,2475819.141790453345,2482347.393646136858,F189,R66,W33,Z23,F189.R66.W33.Z23,Z23,Pluto,F190,Saturn
30,2084-05-01T21:26:51.026Z,2094-04-28T18:15:34.610Z,2482347.393646136858,2485996.260817239992,F190,R66,W33,Z23,F190.R66.W33.Z23,F190,Saturn,R67,Uranus
31,2094-04-28T18:15:34.610Z,2114-03-07T18:44:47.033Z,2485996.260817239992,2493248.281099922024,F190,R67,W33,Z23,F190.R67.W33.Z23,R67,Uranus,F191,Saturn
32,2114-03-07T18:44:47.033Z,2143-04-15T21:31:46.167Z,2493248.281099922024,2503879.397062122822,F191,R67,W33,Z23,F191.R67.W33.Z23,F191,Saturn,F192,Saturn
33,2143-04-15T21:31:46.167Z,2172-06-04T00:21:40.792Z,2503879.397062122822,2514521.515055464581,F192,R67,W33,Z23,F192.R67.W33.Z23,F192,Saturn,F193,Saturn
34,2172-06-04T00:21:40.792Z,2178-04-07T09:21:41.100Z,2514521.515055464581,2516654.890059023164,F193,R67,W33,Z23,F193.R67.W33.Z23,F193,Saturn,R68,Uranus
35,2178-04-07T09:21:41.100Z,2188-05-24T02:56:12.741Z,2516654.890059023164,2520354.622369686142,F193,R68,W33,Z23,F193.R68.W33.Z23,R68,Uranus,W34,Neptune
36,2188-05-24T02:56:12.741Z,2202-04-01T05:44:35.401Z,2520354.622369686142,2525413.739298627712,F193,R68,W34,Z23,F193.R68.W34.Z23,W34,Neptune,F194,Saturn
37,2202-04-01T05:44:35.401Z,2231-05-13T00:12:27.862Z,2525413.739298627712,2536047.508655815385,F194,R68,W34,Z23,F194.R68.W34.Z23,F194,Saturn,F195,Saturn
38,2231-05-13T00:12:27.862Z,2261-03-17T21:59:52.334Z,2536047.508655815385,2546949.416577935219,F195,R68,W34,Z23,F195.R68.W34.Z23,F195,Saturn,F196,Saturn
39,2261-03-17T21:59:52.334Z,2261-06-13T22:21:29.788Z,2546949.416577935219,2547037.431594767608,F196,R68,W34,Z23,F196.R68.W34.Z23,F196,Saturn,R69,Uranus
40,2261-06-13T22:21:29.788Z,2290-04-25T19:25:38.108Z,2547037.431594767608,2557580.309468846768,F196,R69,W34,Z23,F196.R69.W34.Z23,R69,Uranus,F197,Saturn
41,2290-04-25T19:25:38.108Z,2311-06-10T14:16:12.881Z,2557580.309468846768,2565295.094593528658,F197,R69,W34,Z23,F197.R69.W34.Z23,F197,Saturn,Z24,Pluto
