shell_id,ordinal,planet,family,pre_shadow_start_jd_ut,pre_shadow_start_utc,pre_shadow_floor_degree,first_aries_ingress_jd_ut,first_aries_ingress_utc,final_pisces_egress_jd_ut,final_pisces_egress_utc,next_shell_first_aries_ingress_jd_ut,next_shell_first_aries_ingress_utc,transition_crossings,transition_crossing_count,z21_z23_intersections
F0,0,Saturn,Saturnian Frame,,,,440239.2094484458,-3507-03-25T17:01:36.346Z,440239.2094484458,-3507-03-25T17:01:36.346Z,450873.3921228051,-3478-05-07T21:24:39.410Z,"[{""jd_ut"":440239.2094484458,""motion"":""direct"",""utc"":""-3507-03-25T17:01:36.346Z""}]",1,
F1,1,Saturn,Saturnian Frame,450849.71815404005,-3478-04-14T05:14:08.509Z,357.2296382483218,450873.3921228051,-3478-05-07T21:24:39.410Z,451132.9289148435,-3477-01-22T10:17:38.242Z,461773.00984617916,-3448-03-10T12:14:10.710Z,"[{""jd_ut"":450873.3921228051,""motion"":""direct"",""utc"":""-3478-05-07T21:24:39.410Z""},{""jd_ut"":451019.45714905486,""motion"":""retrograde"",""utc"":""-3478-09-30T22:58:17.678Z""},{""jd_ut"":451132.9289148435,""motion"":""direct"",""utc"":""-3477-01-22T10:17:38.242Z""}]",3,
F2,2,Saturn,Saturnian Frame,,,,461773.00984617916,-3448-03-10T12:14:10.710Z,461773.00984617916,-3448-03-10T12:14:10.710Z,472405.36587487755,-3419-04-19T20:46:51.589Z,"[{""jd_ut"":461773.00984617916,""motion"":""direct"",""utc"":""-3448-03-10T12:14:10.710Z""}]",1,
F3,3,Saturn,Saturnian Frame,472401.3803059079,-3419-04-15T21:07:38.430Z,359.50652780987673,472405.36587487755,-3419-04-19T20:46:51.589Z,472651.4793060026,-3419-12-21T23:30:12.039Z,483073.50771000376,-3390-07-06T00:11:06.144Z,"[{""jd_ut"":472405.36587487755,""motion"":""direct"",""utc"":""-3419-04-19T20:46:51.589Z""},{""jd_ut"":472605.70135012397,""motion"":""retrograde"",""utc"":""-3419-11-06T04:49:56.651Z""},{""jd_ut"":472651.4793060026,""motion"":""direct"",""utc"":""-3419-12-21T23:30:12.039Z""}]",3,
F4,4,Saturn,Saturnian Frame,482986.7931706323,-3390-04-10T07:02:09.943Z,353.0352030361148,483073.50771000376,-3390-07-06T00:11:06.144Z,483307.7201669542,-3389-02-25T05:17:02.425Z,493940.4595998153,-3360-04-05T23:01:49.424Z,"[{""jd_ut"":483073.50771000376,""motion"":""direct"",""utc"":""-3390-07-06T00:11:06.144Z""},{""jd_ut"":483089.27499821014,""motion"":""retrograde"",""utc"":""-3390-07-21T18:35:59.845Z""},{""jd_ut"":483307.7201669542,""motion"":""direct"",""utc"":""-3389-02-25T05:17:02.425Z""}]",3,
F5,5,Saturn,Saturnian Frame,,,,493940.4595998153,-3360-04-05T23:01:49.424Z,493940.4595998153,-3360-04-05T23:01:49.424Z,504585.2669685341,-3331-05-28T18:24:26.081Z,"[{""jd_ut"":493940.4595998153,""motion"":""direct"",""utc"":""-3360-04-05T23:01:49.424Z""}]",1,
F6,6,Saturn,Saturnian Frame,504538.12229131255,-3331-04-11T14:56:05.969Z,354.9928560290585,504585.2669685341,-3331-05-28T18:24:26.081Z,504842.72951259406,-3330-02-10T05:30:29.888Z,515477.7112032209,-3301-03-25T05:04:07.958Z,"[{""jd_ut"":504585.2669685341,""motion"":""direct"",""utc"":""-3331-05-28T18:24:26.081Z""},{""jd_ut"":504680.8225809947,""motion"":""retrograde"",""utc"":""-3331-09-01T07:44:30.998Z""},{""jd_ut"":504842.72951259406,""motion"":""direct"",""utc"":""-3330-02-10T05:30:29.888Z""}]",3,
F7,7,Saturn,Saturnian Frame,,,,515477.7112032209,-3301-03-25T05:04:07.958Z,515477.7112032209,-3301-03-25T05:04:07.958Z,526117.5682636106,-3272-05-12T01:38:17.976Z,"[{""jd_ut"":515477.7112032209,""motion"":""direct"",""utc"":""-3301-03-25T05:04:07.958Z""}]",1,
F8,8,Saturn,Saturnian Frame,526089.2377192457,-3272-04-13T17:42:18.943Z,356.7305735694295,526117.5682636106,-3272-05-12T01:38:17.976Z,526377.5420953927,-3271-01-27T01:00:37.042Z,537016.0639303948,-3242-03-14T13:32:03.586Z,"[{""jd_ut"":526117.5682636106,""motion"":""direct"",""utc"":""-3272-05-12T01:38:17.976Z""},{""jd_ut"":526253.200508253,""motion"":""retrograde"",""utc"":""-3272-09-24T16:48:43.913Z""},{""jd_ut"":526377.5420953927,""motion"":""direct"",""utc"":""-3271-01-27T01:00:37.042Z""}]",3,
F9,9,Saturn,Saturnian Frame,,,,537016.0639303948,-3242-03-14T13:32:03.586Z,537016.0639303948,-3242-03-14T13:32:03.586Z,547654.2400951432,-3213-04-29T17:45:44.220Z,"[{""jd_ut"":537016.0639303948,""motion"":""direct"",""utc"":""-3242-03-14T13:32:03.586Z""}]",1,
F10,10,Saturn,Saturnian Frame,547640.1663969869,-3213-04-15T15:59:36.700Z,358.2977983323639,547654.2400951432,-3213-04-29T17:45:44.220Z,547910.5494219605,-3212-01-11T01:11:10.057Z,558555.2952136064,-3183-03-03T19:05:06.456Z,"[{""jd_ut"":547654.2400951432,""motion"":""direct"",""utc"":""-3213-04-29T17:45:44.220Z""},{""jd_ut"":547823.8718610401,""motion"":""retrograde"",""utc"":""-3213-10-16T08:55:28.794Z""},{""jd_ut"":547910.5494219605,""motion"":""direct"",""utc"":""-3212-01-11T01:11:10.057Z""}]",3,
F11,11,Saturn,Saturnian Frame,,,,558555.2952136064,-3183-03-03T19:05:06.456Z,558555.2952136064,-3183-03-03T19:05:06.456Z,569192.5502469495,-3154-04-18T01:12:21.336Z,"[{""jd_ut"":558555.2952136064,""motion"":""direct"",""utc"":""-3183-03-03T19:05:06.456Z""}]",1,
F12,12,Saturn,Saturnian Frame,569191.0220210673,-3154-04-16T12:31:42.620Z,359.80938694590924,569192.5502469495,-3154-04-18T01:12:21.336Z,569432.4195210179,-3154-12-13T22:04:06.616Z,579851.0836535154,-3125-06-23T14:00:27.664Z,"[{""jd_ut"":569192.5502469495,""motion"":""direct"",""utc"":""-3154-04-18T01:12:21.336Z""},{""jd_ut"":569404.2359517238,""motion"":""retrograde"",""utc"":""-3154-11-15T17:39:46.229Z""},{""jd_ut"":569432.4195210179,""motion"":""direct"",""utc"":""-3154-12-13T22:04:06.616Z""}]",3,
F13,13,Saturn,Saturnian Frame,579776.5927756806,-3125-04-10T02:13:35.819Z,353.3738610839782,579851.0836535154,-3125-06-23T14:00:27.664Z,580094.614758306,-3124-02-22T02:45:15.118Z,590731.8238796697,-3095-04-08T07:46:23.203Z,"[{""jd_ut"":579851.0836535154,""motion"":""direct"",""utc"":""-3125-06-23T14:00:27.664Z""},{""jd_ut"":579891.2675294434,""motion"":""retrograde"",""utc"":""-3125-08-02T18:25:14.544Z""},{""jd_ut"":580094.614758306,""motion"":""direct"",""utc"":""-3124-02-22T02:45:15.118Z""}]",3,
F14,14,Saturn,Saturnian Frame,,,,590731.8238796697,-3095-04-08T07:46:23.203Z,590731.8238796697,-3095-04-08T07:46:23.203Z,601376.3411203963,-3066-05-30T20:11:12.802Z,"[{""jd_ut"":590731.8238796697,""motion"":""direct"",""utc"":""-3095-04-08T07:46:23.203Z""}]",1,
F15,15,Saturn,Saturnian Frame,601327.4219755908,-3066-04-11T22:07:38.691Z,354.8652848337015,601376.3411203963,-3066-05-30T20:11:12.802Z,601633.0306793205,-3065-02-11T12:44:10.693Z,612270.8966877197,-3036-03-28T09:31:13.819Z,"[{""jd_ut"":601376.3411203963,""motion"":""direct"",""utc"":""-3066-05-30T20:11:12.802Z""},{""jd_ut"":601468.2435793874,""motion"":""retrograde"",""utc"":""-3066-08-30T17:50:45.259Z""},{""jd_ut"":601633.0306793205,""motion"":""direct"",""utc"":""-3065-02-11T12:44:10.693Z""}]",3,
F16,16,Saturn,Saturnian Frame,,,,612270.8966877197,-3036-03-28T09:31:13.819Z,612270.8966877197,-3036-03-28T09:31:13.819Z,622909.765676003,-3007-05-14T06:22:34.407Z,"[{""jd_ut"":612270.8966877197,""motion"":""direct"",""utc"":""-3036-03-28T09:31:13.819Z""}]",1,
F17,17,Saturn,Saturnian Frame,622878.3001396176,-3007-04-12T19:12:12.063Z,356.42307053479783,622909.765676003,-3007-05-14T06:22:34.407Z,623169.6683484782,-3006-01-29T04:02:25.309Z,633809.2023341844,-2977-03-18T16:51:21.674Z,"[{""jd_ut"":622909.765676003,""motion"":""direct"",""utc"":""-3007-05-14T06:22:34.407Z""},{""jd_ut"":623038.5708078472,""motion"":""retrograde"",""utc"":""-3007-09-20T01:41:57.798Z""},{""jd_ut"":623169.6683484782,""motion"":""direct"",""utc"":""-3006-01-29T04:02:25.309Z""}]",3,
F18,18,Saturn,Saturnian Frame,,,,633809.2023341844,-2977-03-18T16:51:21.674Z,633809.2023341844,-2977-03-18T16:51:21.674Z,644444.6583581485,-2948-04-30T03:48:02.144Z,"[{""jd_ut"":633809.2023341844,""motion"":""direct"",""utc"":""-2977-03-18T16:51:21.674Z""}]",1,
F19,19,Saturn,Saturnian Frame,644429.3554153056,-2948-04-14T20:31:47.882Z,358.16202294054176,644444.6583581485,-2948-04-30T03:48:02.144Z,644701.5814861441,-2947-01-12T01:57:20.403Z,655346.2800810123,-2918-03-05T18:43:18.999Z,"[{""jd_ut"":644444.6583581485,""motion"":""direct"",""utc"":""-2948-04-30T03:48:02.144Z""},{""jd_ut"":644611.2418325881,""motion"":""retrograde"",""utc"":""-2948-10-13T17:48:14.336Z""},{""jd_ut"":644701.5814861441,""motion"":""direct"",""utc"":""-2947-01-12T01:57:20.403Z""}]",3,
F20,20,Saturn,Saturnian Frame,,,,655346.2800810123,-2918-03-05T18:43:18.999Z,655346.2800810123,-2918-03-05T18:43:18.999Z,665979.8146347643,-2889-04-17T07:33:04.444Z,"[{""jd_ut"":655346.2800810123,""motion"":""direct"",""utc"":""-2918-03-05T18:43:18.999Z""}]",1,
F21,21,Saturn,Saturnian Frame,,,,665979.8146347643,-2889-04-17T07:33:04.444Z,665979.8146347643,-2889-04-17T07:33:04.444Z,676631.3141619533,-2860-06-14T19:32:23.593Z,"[{""jd_ut"":665979.8146347643,""motion"":""direct"",""utc"":""-2889-04-17T07:33:04.444Z""}]",1,
F22,22,Saturn,Saturnian Frame,676566.0504854142,-2860-04-10T13:12:41.940Z,353.7994120030484,676631.3141619533,-2860-06-14T19:32:23.593Z,676881.1063294634,-2859-02-19T14:33:06.866Z,687514.5218370338,-2830-04-02T00:31:26.720Z,"[{""jd_ut"":676631.3141619533,""motion"":""direct"",""utc"":""-2860-06-14T19:32:23.593Z""},{""jd_ut"":676690.5795716413,""motion"":""retrograde"",""utc"":""-2860-08-13T01:54:34.990Z""},{""jd_ut"":676881.1063294634,""motion"":""direct"",""utc"":""-2859-02-19T14:33:06.866Z""}]",3,
F23,23,Saturn,Saturnian Frame,,,,687514.5218370338,-2830-04-02T00:31:26.720Z,687514.5218370338,-2830-04-02T00:31:26.720Z,698152.6251037933,-2801-05-18T03:00:08.968Z,"[{""jd_ut"":687514.5218370338,""motion"":""direct"",""utc"":""-2830-04-02T00:31:26.720Z""}]",1,
F24,24,Saturn,Saturnian Frame,698117.723656876,-2801-04-13T05:22:03.954Z,356.09617186316825,698152.6251037933,-2801-05-18T03:00:08.968Z,698412.6541025098,-2800-02-02T03:41:54.457Z,709048.4200854427,-2771-03-16T22:04:55.382Z,"[{""jd_ut"":698152.6251037933,""motion"":""direct"",""utc"":""-2801-05-18T03:00:08.968Z""},{""jd_ut"":698274.4281177148,""motion"":""retrograde"",""utc"":""-2801-09-16T22:16:29.371Z""},{""jd_ut"":698412.6541025098,""motion"":""direct"",""utc"":""-2800-02-02T03:41:54.457Z""}]",3,
F25,25,Saturn,Saturnian Frame,,,,709048.4200854427,-2771-03-16T22:04:55.382Z,709048.4200854427,-2771-03-16T22:04:55.382Z,719681.2256473734,-2742-04-26T17:24:55.933Z,"[{""jd_ut"":709048.4200854427,""motion"":""direct"",""utc"":""-2771-03-16T22:04:55.382Z""}]",1,
F26,26,Saturn,Saturnian Frame,719669.599355075,-2742-04-15T02:23:04.278Z,358.59199838668746,719681.2256473734,-2742-04-26T17:24:55.933Z,719936.3410910999,-2741-01-06T20:11:10.271Z,730581.2755774118,-2712-02-28T18:36:49.888Z,"[{""jd_ut"":719681.2256473734,""motion"":""direct"",""utc"":""-2742-04-26T17:24:55.933Z""},{""jd_ut"":719857.9058900676,""motion"":""retrograde"",""utc"":""-2742-10-20T09:44:28.902Z""},{""jd_ut"":719936.3410910999,""motion"":""direct"",""utc"":""-2741-01-06T20:11:10.271Z""}]",3,
F27,27,Saturn,Saturnian Frame,,,,730581.2755774118,-2712-02-28T18:36:49.888Z,730581.2755774118,-2712-02-28T18:36:49.888Z,741212.316638252,-2683-04-08T19:35:57.545Z,"[{""jd_ut"":730581.2755774118,""motion"":""direct"",""utc"":""-2712-02-28T18:36:49.888Z""}]",1,
F28,28,Saturn,Saturnian Frame,,,,741212.316638252,-2683-04-08T19:35:57.545Z,741212.316638252,-2683-04-08T19:35:57.545Z,751854.3244941575,-2654-05-28T19:47:16.295Z,"[{""jd_ut"":741212.316638252,""motion"":""direct"",""utc"":""-2683-04-08T19:35:57.545Z""}]",1,
F29,29,Saturn,Saturnian Frame,751807.2029198313,-2654-04-11T16:52:12.273Z,355.0173119886888,751854.3244941575,-2654-05-28T19:47:16.295Z,752112.0549964414,-2653-02-10T13:19:11.693Z,762744.6441042505,-2624-03-22T03:27:30.607Z,"[{""jd_ut"":751854.3244941575,""motion"":""direct"",""utc"":""-2654-05-28T19:47:16.295Z""},{""jd_ut"":751950.6635294834,""motion"":""retrograde"",""utc"":""-2654-09-02T03:55:28.947Z""},{""jd_ut"":752112.0549964414,""motion"":""direct"",""utc"":""-2653-02-10T13:19:11.693Z""}]",3,
F30,30,Saturn,Saturnian Frame,,,,762744.6441042505,-2624-03-22T03:27:30.607Z,762744.6441042505,-2624-03-22T03:27:30.607Z,773380.0818796006,-2595-05-05T13:57:54.397Z,"[{""jd_ut"":762744.6441042505,""motion"":""direct"",""utc"":""-2624-03-22T03:27:30.607Z""}]",1,
F31,31,Saturn,Saturnian Frame,773359.115734152,-2595-04-14T14:46:39.431Z,357.52840884700316,773380.0818796006,-2595-05-05T13:57:54.397Z,773639.3704017713,-2594-01-19T20:53:22.713Z,784277.4182283597,-2565-03-06T22:02:14.930Z,"[{""jd_ut"":773380.0818796006,""motion"":""direct"",""utc"":""-2595-05-05T13:57:54.397Z""},{""jd_ut"":773533.3051252433,""motion"":""retrograde"",""utc"":""-2595-10-05T19:19:22.821Z""},{""jd_ut"":773639.3704017713,""motion"":""direct"",""utc"":""-2594-01-19T20:53:22.713Z""}]",3,
F32,32,Saturn,Saturnian Frame,,,,784277.4182283597,-2565-03-06T22:02:14.930Z,784277.4182283597,-2565-03-06T22:02:14.930Z,794911.4596286931,-2536-04-16T23:01:51.919Z,"[{""jd_ut"":784277.4182283597,""motion"":""direct"",""utc"":""-2565-03-06T22:02:14.930Z""}]",1,
F33,33,Saturn,Saturnian Frame,794910.90891871,-2536-04-16T09:48:50.577Z,359.93138405694384,794911.4596286931,-2536-04-16T23:01:51.919Z,795147.2045260319,-2536-12-08T16:54:31.049Z,805559.3989190569,-2507-06-11T21:34:26.607Z,"[{""jd_ut"":794911.4596286931,""motion"":""direct"",""utc"":""-2536-04-16T23:01:51.919Z""},{""jd_ut"":795130.293659722,""motion"":""retrograde"",""utc"":""-2536-11-21T19:02:52.200Z""},{""jd_ut"":795147.2045260319,""motion"":""direct"",""utc"":""-2536-12-08T16:54:31.049Z""}]",3,
F34,34,Saturn,Saturnian Frame,805496.846562823,-2507-04-10T08:19:03.028Z,353.9637707448638,805559.3989190569,-2507-06-11T21:34:26.607Z,805810.6459387054,-2506-02-18T03:30:09.104Z,816445.6177007263,-2477-04-03T02:49:29.343Z,"[{""jd_ut"":805559.3989190569,""motion"":""direct"",""utc"":""-2507-06-11T21:34:26.607Z""},{""jd_ut"":805624.3177058224,""motion"":""retrograde"",""utc"":""-2507-08-15T19:37:29.783Z""},{""jd_ut"":805810.6459387054,""motion"":""direct"",""utc"":""-2506-02-18T03:30:09.104Z""}]",3,
F35,35,Saturn,Saturnian Frame,,,,816445.6177007263,-2477-04-03T02:49:29.343Z,816445.6177007263,-2477-04-03T02:49:29.343Z,827083.3616986086,-2448-05-17T20:40:50.760Z,"[{""jd_ut"":816445.6177007263,""motion"":""direct"",""utc"":""-2477-04-03T02:49:29.343Z""}]",1,
F36,36,Saturn,Saturnian Frame,827048.3776280908,-2448-04-12T21:03:47.067Z,356.09407010234634,827083.3616986086,-2448-05-17T20:40:50.760Z,827343.3755427198,-2447-02-01T21:00:46.891Z,837981.8490195216,-2418-03-20T08:22:35.287Z,"[{""jd_ut"":827083.3616986086,""motion"":""direct"",""utc"":""-2448-05-17T20:40:50.760Z""},{""jd_ut"":827205.1623425826,""motion"":""retrograde"",""utc"":""-2448-09-16T15:53:46.399Z""},{""jd_ut"":827343.3755427198,""motion"":""direct"",""utc"":""-2447-02-01T21:00:46.891Z""}]",3,
F37,37,Saturn,Saturnian Frame,,,,837981.8490195216,-2418-03-20T08:22:35.287Z,837981.8490195216,-2418-03-20T08:22:35.287Z,848616.3131419136,-2389-05-01T19:30:55.461Z,"[{""jd_ut"":837981.8490195216,""motion"":""direct"",""utc"":""-2418-03-20T08:22:35.287Z""}]",1,
F38,38,Saturn,Saturnian Frame,848599.7091962572,-2389-04-15T05:01:14.557Z,358.0187870009693,848616.3131419136,-2389-05-01T19:30:55.461Z,848874.0909263291,-2388-01-14T14:10:56.035Z,859519.2572697394,-2359-03-07T18:10:28.105Z,"[{""jd_ut"":848616.3131419136,""motion"":""direct"",""utc"":""-2389-05-01T19:30:55.461Z""},{""jd_ut"":848780.0972988494,""motion"":""retrograde"",""utc"":""-2389-10-12T14:20:06.621Z""},{""jd_ut"":848874.0909263291,""motion"":""direct"",""utc"":""-2388-01-14T14:10:56.035Z""}]",3,
F39,39,Saturn,Saturnian Frame,,,,859519.2572697394,-2359-03-07T18:10:28.105Z,859519.2572697394,-2359-03-07T18:10:28.105Z,870152.8826177495,-2330-04-18T09:10:58.174Z,"[{""jd_ut"":859519.2572697394,""motion"":""direct"",""utc"":""-2359-03-07T18:10:28.105Z""}]",1,
F40,40,Saturn,Saturnian Frame,870150.8079415835,-2330-04-16T07:23:26.153Z,359.74268043439247,870152.8826177495,-2330-04-18T09:10:58.174Z,870394.9740451006,-2330-12-16T11:22:37.497Z,881057.499894591,-2300-02-24T23:59:50.893Z,"[{""jd_ut"":870152.8826177495,""motion"":""direct"",""utc"":""-2330-04-18T09:10:58.174Z""},{""jd_ut"":870362.1777923878,""motion"":""retrograde"",""utc"":""-2330-11-13T16:16:01.262Z""},{""jd_ut"":870394.9740451006,""motion"":""direct"",""utc"":""-2330-12-16T11:22:37.497Z""}]",3,
F41,41,Saturn,Saturnian Frame,,,,881057.499894591,-2300-02-24T23:59:50.893Z,881057.499894591,-2300-02-24T23:59:50.893Z,891691.2762526828,-2271-04-07T18:37:48.232Z,"[{""jd_ut"":881057.499894591,""motion"":""direct"",""utc"":""-2300-02-24T23:59:50.893Z""}]",1,
F42,42,Saturn,Saturnian Frame,,,,891691.2762526828,-2271-04-07T18:37:48.232Z,891691.2762526828,-2271-04-07T18:37:48.232Z,902340.1452910528,-2242-06-03T15:29:13.147Z,"[{""jd_ut"":891691.2762526828,""motion"":""direct"",""utc"":""-2271-04-07T18:37:48.232Z""}]",1,
F43,43,Saturn,Saturnian Frame,902286.6183053136,-2242-04-11T02:50:21.579Z,354.53999423607974,902340.1452910528,-2242-06-03T15:29:13.147Z,902595.6980737224,-2241-02-14T04:45:13.570Z,913230.780186771,-2212-03-28T06:43:28.137Z,"[{""jd_ut"":902340.1452910528,""motion"":""direct"",""utc"":""-2242-06-03T15:29:13.147Z""},{""jd_ut"":902423.6540831104,""motion"":""retrograde"",""utc"":""-2242-08-26T03:41:52.781Z""},{""jd_ut"":902595.6980737224,""motion"":""direct"",""utc"":""-2241-02-14T04:45:13.570Z""}]",3,
F44,44,Saturn,Saturnian Frame,,,,913230.780186771,-2212-03-28T06:43:28.137Z,913230.780186771,-2212-03-28T06:43:28.137Z,923872.8226081335,-2183-05-18T07:44:33.343Z,"[{""jd_ut"":913230.780186771,""motion"":""direct"",""utc"":""-2212-03-28T06:43:28.137Z""}]",1,
F45,45,Saturn,Saturnian Frame,923837.4824194412,-2183-04-12T23:34:41.040Z,356.06078070828016,923872.8226081335,-2183-05-18T07:44:33.343Z,924133.0163992606,-2182-02-02T12:23:36.896Z,934770.2892259897,-2153-03-19T18:56:29.126Z,"[{""jd_ut"":923872.8226081335,""motion"":""direct"",""utc"":""-2183-05-18T07:44:33.343Z""},{""jd_ut"":923994.2168212554,""motion"":""retrograde"",""utc"":""-2183-09-16T17:12:13.356Z""},{""jd_ut"":924133.0163992606,""motion"":""direct"",""utc"":""-2182-02-02T12:23:36.896Z""}]",3,
F46,46,Saturn,Saturnian Frame,,,,934770.2892259897,-2153-03-19T18:56:29.126Z,934770.2892259897,-2153-03-19T18:56:29.126Z,945408.7054707846,-2124-05-04T04:55:52.676Z,"[{""jd_ut"":934770.2892259897,""motion"":""direct"",""utc"":""-2153-03-19T18:56:29.126Z""}]",1,
F47,47,Saturn,Saturnian Frame,945388.3435996096,-2124-04-13T20:14:47.006Z,357.6014828104199,945408.7054707846,-2124-05-04T04:55:52.676Z,945668.0565403993,-2123-01-18T13:21:25.091Z,956309.4225389448,-2094-03-09T22:08:27.365Z,"[{""jd_ut"":945408.7054707846,""motion"":""direct"",""utc"":""-2124-05-04T04:55:52.676Z""},{""jd_ut"":945563.7709772782,""motion"":""retrograde"",""utc"":""-2124-10-06T06:30:12.437Z""},{""jd_ut"":945668.0565403993,""motion"":""direct"",""utc"":""-2123-01-18T13:21:25.091Z""}]",3,
F48,48,Saturn,Saturnian Frame,,,,956309.4225389448,-2094-03-09T22:08:27.365Z,956309.4225389448,-2094-03-09T22:08:27.365Z,966945.1675328696,-2065-04-22T16:01:14.840Z,"[{""jd_ut"":956309.4225389448,""motion"":""direct"",""utc"":""-2094-03-09T22:08:27.365Z""}]",1,
F49,49,Saturn,Saturnian Frame,966939.3439206115,-2065-04-16T20:15:14.741Z,359.28621282667984,966945.1675328696,-2065-04-22T16:01:14.840Z,967195.0706652475,-2065-12-28T13:41:45.477Z,977847.3261158916,-2035-02-25T19:49:36.413Z,"[{""jd_ut"":966945.1675328696,""motion"":""direct"",""utc"":""-2065-04-22T16:01:14.840Z""},{""jd_ut"":967140.0432038426,""motion"":""retrograde"",""utc"":""-2065-11-03T13:02:12.812Z""},{""jd_ut"":967195.0706652475,""motion"":""direct"",""utc"":""-2065-12-28T13:41:45.477Z""}]",3,
F50,50,Saturn,Saturnian Frame,,,,977847.3261158916,-2035-02-25T19:49:36.413Z,977847.3261158916,-2035-02-25T19:49:36.413Z,988481.7829010866,-2006-04-09T06:47:22.654Z,"[{""jd_ut"":977847.3261158916,""motion"":""direct"",""utc"":""-2035-02-25T19:49:36.413Z""}]",1,
F51,51,Saturn,Saturnian Frame,,,,988481.7829010866,-2006-04-09T06:47:22.654Z,988481.7829010866,-2006-04-09T06:47:22.654Z,999125.6269400523,-1977-05-31T03:02:47.621Z,"[{""jd_ut"":988481.7829010866,""motion"":""direct"",""utc"":""-2006-04-09T06:47:22.654Z""}]",1,
F52,52,Saturn,Saturnian Frame,999076.024130298,-1977-04-11T12:34:44.858Z,354.84958875666564,999125.6269400523,-1977-05-31T03:02:47.621Z,999382.8921961954,-1976-02-12T09:24:45.751Z,1010017.6587166202,-1947-03-26T03:48:33.116Z,"[{""jd_ut"":999125.6269400523,""motion"":""direct"",""utc"":""-1977-05-31T03:02:47.621Z""},{""jd_ut"":999217.5041606585,""motion"":""retrograde"",""utc"":""-1977-08-31T00:05:59.481Z""},{""jd_ut"":999382.8921961954,""motion"":""direct"",""utc"":""-1976-02-12T09:24:45.751Z""}]",3,
F53,53,Saturn,Saturnian Frame,,,,1010017.6587166202,-1947-03-26T03:48:33.116Z,1010017.6587166202,-1947-03-26T03:48:33.116Z,1020654.1745520744,-1918-05-09T16:11:21.299Z,"[{""jd_ut"":1010017.6587166202,""motion"":""direct"",""utc"":""-1947-03-26T03:48:33.116Z""}]",1,
F54,54,Saturn,Saturnian Frame,1020627.4155435248,-1918-04-12T21:58:22.961Z,356.9260222799019,1020654.1745520744,-1918-05-09T16:11:21.299Z,1020914.8719504087,-1917-01-25T08:55:36.515Z,1031552.2681197706,-1888-03-11T18:26:05.548Z,"[{""jd_ut"":1020654.1745520744,""motion"":""direct"",""utc"":""-1918-05-09T16:11:21.299Z""},{""jd_ut"":1020794.8075376023,""motion"":""retrograde"",""utc"":""-1918-09-27T07:22:51.249Z""},{""jd_ut"":1020914.8719504087,""motion"":""direct"",""utc"":""-1917-01-25T08:55:36.515Z""}]",3,
F55,55,Saturn,Saturnian Frame,,,,1031552.2681197706,-1888-03-11T18:26:05.548Z,1031552.2681197706,-1888-03-11T18:26:05.548Z,1042185.5022537096,-1859-04-22T00:03:14.721Z,"[{""jd_ut"":1031552.2681197706,""motion"":""direct"",""utc"":""-1888-03-11T18:26:05.548Z""}]",1,
F56,56,Saturn,Saturnian Frame,1042179.0328704568,-1859-04-15T12:47:20.007Z,359.2100179094643,1042185.5022537096,-1859-04-22T00:03:14.721Z,1042436.5925626941,-1859-12-29T02:13:17.417Z,1052843.7186692161,-1830-06-27T05:14:53.020Z,"[{""jd_ut"":1042185.5022537096,""motion"":""direct"",""utc"":""-1859-04-22T00:03:14.721Z""},{""jd_ut"":1042378.5835371499,""motion"":""retrograde"",""utc"":""-1859-11-01T02:00:17.610Z""},{""jd_ut"":1042436.5925626941,""motion"":""direct"",""utc"":""-1859-12-29T02:13:17.417Z""}]",3,
F57,57,Saturn,Saturnian Frame,1052764.8754014,-1830-04-09T09:00:34.681Z,353.28456375427515,1052843.7186692161,-1830-06-27T05:14:53.020Z,1053085.2809552387,-1829-02-23T18:44:34.533Z,1063717.9388245526,-1800-04-05T10:31:54.441Z,"[{""jd_ut"":1052843.7186692161,""motion"":""direct"",""utc"":""-1830-06-27T05:14:53.020Z""},{""jd_ut"":1052876.8988028588,""motion"":""retrograde"",""utc"":""-1830-07-30T09:34:16.567Z""},{""jd_ut"":1053085.2809552387,""motion"":""direct"",""utc"":""-1829-02-23T18:44:34.533Z""}]",3,
F58,58,Saturn,Saturnian Frame,,,,1063717.9388245526,-1800-04-05T10:31:54.441Z,1063717.9388245526,-1800-04-05T10:31:54.441Z,1074355.0902162725,-1771-05-20T14:09:54.686Z,"[{""jd_ut"":1063717.9388245526,""motion"":""direct"",""utc"":""-1800-04-05T10:31:54.441Z""}]",1,
F59,59,Saturn,Saturnian Frame,1074316.8192756134,-1771-04-12T07:39:45.413Z,355.8164224167862,1074355.0902162725,-1771-05-20T14:09:54.686Z,1074615.4397358894,-1770-02-04T22:33:13.181Z,1085250.676458289,-1741-03-20T04:14:05.996Z,"[{""jd_ut"":1074355.0902162725,""motion"":""direct"",""utc"":""-1771-05-20T14:09:54.686Z""},{""jd_ut"":1074470.858665308,""motion"":""retrograde"",""utc"":""-1771-09-13T08:36:28.683Z""},{""jd_ut"":1074615.4397358894,""motion"":""direct"",""utc"":""-1770-02-04T22:33:13.181Z""}]",3,
F60,60,Saturn,Saturnian Frame,,,,1085250.676458289,-1741-03-20T04:14:05.996Z,1085250.676458289,-1741-03-20T04:14:05.996Z,1095882.4404155645,-1712-04-27T22:34:11.905Z,"[{""jd_ut"":1085250.676458289,""motion"":""direct"",""utc"":""-1741-03-20T04:14:05.996Z""}]",1,
F61,61,Saturn,Saturnian Frame,1095868.7843686356,-1712-04-14T06:49:29.450Z,358.36804604587513,1095882.4404155645,-1712-04-27T22:34:11.905Z,1096139.6478267335,-1711-01-10T03:32:52.230Z,1106783.223965156,-1682-03-03T17:22:30.589Z,"[{""jd_ut"":1095882.4404155645,""motion"":""direct"",""utc"":""-1712-04-27T22:34:11.905Z""},{""jd_ut"":1096054.8103712131,""motion"":""retrograde"",""utc"":""-1712-10-17T07:26:56.073Z""},{""jd_ut"":1096139.6478267335,""motion"":""direct"",""utc"":""-1711-01-10T03:32:52.230Z""}]",3,
F62,62,Saturn,Saturnian Frame,,,,1106783.223965156,-1682-03-03T17:22:30.589Z,1106783.223965156,-1682-03-03T17:22:30.589Z,1117413.6518716025,-1653-04-11T03:38:41.706Z,"[{""jd_ut"":1106783.223965156,""motion"":""direct"",""utc"":""-1682-03-03T17:22:30.589Z""}]",1,
F63,63,Saturn,Saturnian Frame,,,,1117413.6518716025,-1653-04-11T03:38:41.706Z,1117413.6518716025,-1653-04-11T03:38:41.706Z,1128058.64452059,-1624-06-02T03:28:06.579Z,"[{""jd_ut"":1117413.6518716025,""motion"":""direct"",""utc"":""-1653-04-11T03:38:41.706Z""}]",1,
F64,64,Saturn,Saturnian Frame,1128006.1315967874,-1624-04-10T15:09:29.962Z,354.6419792954113,1128058.64452059,-1624-06-02T03:28:06.579Z,1128315.3512218855,-1623-02-13T20:25:45.571Z,1138947.0954350848,-1594-03-25T14:17:25.591Z,"[{""jd_ut"":1128058.64452059,""motion"":""direct"",""utc"":""-1624-06-02T03:28:06.579Z""},{""jd_ut"":1128145.098878588,""motion"":""retrograde"",""utc"":""-1624-08-27T14:22:23.110Z""},{""jd_ut"":1128315.3512218855,""motion"":""direct"",""utc"":""-1623-02-13T20:25:45.571Z""}]",3,
F65,65,Saturn,Saturnian Frame,,,,1138947.0954350848,-1594-03-25T14:17:25.591Z,1138947.0954350848,-1594-03-25T14:17:25.591Z,1149584.525379167,-1565-05-10T00:36:32.760Z,"[{""jd_ut"":1138947.0954350848,""motion"":""direct"",""utc"":""-1594-03-25T14:17:25.591Z""}]",1,
F66,66,Saturn,Saturnian Frame,1149557.8384204316,-1565-04-13T08:07:19.525Z,356.9377631638948,1149584.525379167,-1565-05-10T00:36:32.760Z,1149845.5803668872,-1564-01-26T01:55:43.699Z,1160482.0568063352,-1535-03-10T13:21:48.067Z,"[{""jd_ut"":1149584.525379167,""motion"":""direct"",""utc"":""-1565-05-10T00:36:32.760Z""},{""jd_ut"":1149725.7589512714,""motion"":""retrograde"",""utc"":""-1565-09-28T06:12:53.390Z""},{""jd_ut"":1149845.5803668872,""motion"":""direct"",""utc"":""-1564-01-26T01:55:43.699Z""}]",3,
F67,67,Saturn,Saturnian Frame,,,,1160482.0568063352,-1535-03-10T13:21:48.067Z,1160482.0568063352,-1535-03-10T13:21:48.067Z,1171117.4086261461,-1506-04-22T21:48:25.299Z,"[{""jd_ut"":1160482.0568063352,""motion"":""direct"",""utc"":""-1535-03-10T13:21:48.067Z""}]",1,
F68,68,Saturn,Saturnian Frame,1171109.3150778743,-1506-04-14T19:33:42.728Z,359.016635087931,1171117.4086261461,-1506-04-22T21:48:25.299Z,1171370.6244428344,-1505-01-01T02:59:11.861Z,1182017.7646276676,-1476-02-26T06:21:03.830Z,"[{""jd_ut"":1171117.4086261461,""motion"":""direct"",""utc"":""-1506-04-22T21:48:25.299Z""},{""jd_ut"":1171305.6979868026,""motion"":""retrograde"",""utc"":""-1506-10-28T04:45:06.060Z""},{""jd_ut"":1171370.6244428344,""motion"":""direct"",""utc"":""-1505-01-01T02:59:11.861Z""}]",3,
F69,69,Saturn,Saturnian Frame,,,,1182017.7646276676,-1476-02-26T06:21:03.830Z,1182017.7646276676,-1476-02-26T06:21:03.830Z,1192653.4395826343,-1447-04-09T22:32:59.940Z,"[{""jd_ut"":1182017.7646276676,""motion"":""direct"",""utc"":""-1476-02-26T06:21:03.830Z""}]",1,
F70,70,Saturn,Saturnian Frame,,,,1192653.4395826343,-1447-04-09T22:32:59.940Z,1192653.4395826343,-1447-04-09T22:32:59.940Z,1203296.7393184425,-1418-05-31T05:44:37.113Z,"[{""jd_ut"":1192653.4395826343,""motion"":""direct"",""utc"":""-1447-04-09T22:32:59.940Z""}]",1,
F71,71,Saturn,Saturnian Frame,1203246.3124342998,-1418-04-10T19:29:54.324Z,354.8110655075868,1203296.7393184425,-1418-05-31T05:44:37.113Z,1203554.123021402,-1417-02-12T14:57:09.049Z,1214191.1524418062,-1388-03-29T15:39:30.972Z,"[{""jd_ut"":1203296.7393184425,""motion"":""direct"",""utc"":""-1418-05-31T05:44:37.113Z""},{""jd_ut"":1203387.4202210843,""motion"":""retrograde"",""utc"":""-1418-08-29T22:05:07.102Z""},{""jd_ut"":1203554.123021402,""motion"":""direct"",""utc"":""-1417-02-12T14:57:09.049Z""}]",3,
F72,72,Saturn,Saturnian Frame,,,,1214191.1524418062,-1388-03-29T15:39:30.972Z,1214191.1524418062,-1388-03-29T15:39:30.972Z,1224828.9391650348,-1359-05-14T10:32:23.859Z,"[{""jd_ut"":1214191.1524418062,""motion"":""direct"",""utc"":""-1388-03-29T15:39:30.972Z""}]",1,
F73,73,Saturn,Saturnian Frame,1224797.2831853493,-1359-04-12T18:47:47.214Z,356.44638705671,1224828.9391650348,-1359-05-14T10:32:23.859Z,1225090.1178585468,-1358-01-30T14:49:42.978Z,1235730.0072662337,-1329-03-19T12:10:27.803Z,"[{""jd_ut"":1224828.9391650348,""motion"":""direct"",""utc"":""-1359-05-14T10:32:23.859Z""},{""jd_ut"":1224959.2210500026,""motion"":""retrograde"",""utc"":""-1359-09-21T17:18:18.720Z""},{""jd_ut"":1225090.1178585468,""motion"":""direct"",""utc"":""-1358-01-30T14:49:42.978Z""}]",3,
F74,74,Saturn,Saturnian Frame,,,,1235730.0072662337,-1329-03-19T12:10:27.803Z,1235730.0072662337,-1329-03-19T12:10:27.803Z,1246365.2534236582,-1300-05-01T18:04:55.804Z,"[{""jd_ut"":1235730.0072662337,""motion"":""direct"",""utc"":""-1329-03-19T12:10:27.803Z""}]",1,
F75,75,Saturn,Saturnian Frame,1246348.1495956364,-1300-04-14T15:35:25.063Z,357.9798588102906,1246365.2534236582,-1300-05-01T18:04:55.804Z,1246624.359454743,-1299-01-15T20:37:36.890Z,1257269.0092760418,-1270-03-09T12:13:21.450Z,"[{""jd_ut"":1246365.2534236582,""motion"":""direct"",""utc"":""-1300-05-01T18:04:55.804Z""},{""jd_ut"":1246529.190186141,""motion"":""retrograde"",""utc"":""-1300-10-12T16:33:52.083Z""},{""jd_ut"":1246624.359454743,""motion"":""direct"",""utc"":""-1299-01-15T20:37:36.890Z""}]",3,
F76,76,Saturn,Saturnian Frame,,,,1257269.0092760418,-1270-03-09T12:13:21.450Z,1257269.0092760418,-1270-03-09T12:13:21.450Z,1267903.2667675316,-1241-04-20T18:24:08.715Z,"[{""jd_ut"":1257269.0092760418,""motion"":""direct"",""utc"":""-1270-03-09T12:13:21.450Z""}]",1,
F77,77,Saturn,Saturnian Frame,1267898.9536799411,-1241-04-16T10:53:17.947Z,359.4727182612545,1267903.2667675316,-1241-04-20T18:24:08.715Z,1268151.7279614587,-1241-12-25T05:28:15.870Z,1278807.6752974764,-1211-02-26T04:12:25.702Z,"[{""jd_ut"":1267903.2667675316,""motion"":""direct"",""utc"":""-1241-04-20T18:24:08.715Z""},{""jd_ut"":1268104.5041972646,""motion"":""retrograde"",""utc"":""-1241-11-08T00:06:02.644Z""},{""jd_ut"":1268151.7279614587,""motion"":""direct"",""utc"":""-1241-12-25T05:28:15.870Z""}]",3,
F78,78,Saturn,Saturnian Frame,,,,1278807.6752974764,-1211-02-26T04:12:25.702Z,1278807.6752974764,-1211-02-26T04:12:25.702Z,1289441.615642434,-1182-04-09T02:46:31.506Z,"[{""jd_ut"":1278807.6752974764,""motion"":""direct"",""utc"":""-1211-02-26T04:12:25.702Z""}]",1,
F79,79,Saturn,Saturnian Frame,,,,1289441.615642434,-1182-04-09T02:46:31.506Z,1289441.615642434,-1182-04-09T02:46:31.506Z,1300087.9957594331,-1153-06-02T11:53:53.615Z,"[{""jd_ut"":1289441.615642434,""motion"":""direct"",""utc"":""-1182-04-09T02:46:31.506Z""}]",1,
F80,80,Saturn,Saturnian Frame,1300034.9504854698,-1153-04-10T10:48:41.945Z,354.64026795603394,1300087.9957594331,-1153-06-02T11:53:53.615Z,1300345.0994964917,-1152-02-14T14:23:16.497Z,1310979.8115676725,-1123-03-28T07:28:39.447Z,"[{""jd_ut"":1300087.9957594331,""motion"":""direct"",""utc"":""-1153-06-02T11:53:53.615Z""},{""jd_ut"":1300173.9892278202,""motion"":""retrograde"",""utc"":""-1153-08-27T11:44:29.284Z""},{""jd_ut"":1300345.0994964917,""motion"":""direct"",""utc"":""-1152-02-14T14:23:16.497Z""}]",3,
F81,81,Saturn,Saturnian Frame,,,,1310979.8115676725,-1123-03-28T07:28:39.447Z,1310979.8115676725,-1123-03-28T07:28:39.447Z,1321618.121477046,-1094-05-14T14:54:55.617Z,"[{""jd_ut"":1310979.8115676725,""motion"":""direct"",""utc"":""-1123-03-28T07:28:39.447Z""}]",1,
F82,82,Saturn,Saturnian Frame,1321586.0845583999,-1094-04-12T14:01:45.846Z,356.42670778347485,1321618.121477046,-1094-05-14T14:54:55.617Z,1321879.973149451,-1093-01-31T11:21:20.113Z,1332516.9367987039,-1064-03-16T10:28:59.408Z,"[{""jd_ut"":1321618.121477046,""motion"":""direct"",""utc"":""-1094-05-14T14:54:55.617Z""},{""jd_ut"":1321748.2346287463,""motion"":""retrograde"",""utc"":""-1094-09-21T17:37:51.924Z""},{""jd_ut"":1321879.973149451,""motion"":""direct"",""utc"":""-1093-01-31T11:21:20.113Z""}]",3,
F83,83,Saturn,Saturnian Frame,,,,1332516.9367987039,-1064-03-16T10:28:59.408Z,1332516.9367987039,-1064-03-16T10:28:59.408Z,1343151.143342923,-1035-04-27T15:26:24.829Z,"[{""jd_ut"":1332516.9367987039,""motion"":""direct"",""utc"":""-1064-03-16T10:28:59.408Z""}]",1,
F84,84,Saturn,Saturnian Frame,1343137.384585836,-1035-04-13T21:13:48.216Z,358.3675807961175,1343151.143342923,-1035-04-27T15:26:24.829Z,1343409.406557124,-1034-01-10T21:45:26.536Z,1354052.7501893966,-1005-03-03T06:00:16.364Z,"[{""jd_ut"":1343151.143342923,""motion"":""direct"",""utc"":""-1035-04-27T15:26:24.829Z""},{""jd_ut"":1343324.291801353,""motion"":""retrograde"",""utc"":""-1035-10-17T19:00:11.637Z""},{""jd_ut"":1343409.406557124,""motion"":""direct"",""utc"":""-1034-01-10T21:45:26.536Z""}]",3,
F85,85,Saturn,Saturnian Frame,,,,1354052.7501893966,-1005-03-03T06:00:16.364Z,1354052.7501893966,-1005-03-03T06:00:16.364Z,1364684.6176083428,-0976-04-12T02:49:21.361Z,"[{""jd_ut"":1354052.7501893966,""motion"":""direct"",""utc"":""-1005-03-03T06:00:16.364Z""}]",1,
F86,86,Saturn,Saturnian Frame,,,,1364684.6176083428,-0976-04-12T02:49:21.361Z,1364684.6176083428,-0976-04-12T02:49:21.361Z,1375329.8377994797,-0947-06-04T08:06:25.875Z,"[{""jd_ut"":1364684.6176083428,""motion"":""direct"",""utc"":""-0976-04-12T02:49:21.361Z""}]",1,
F87,87,Saturn,Saturnian Frame,1375274.4299276145,-0947-04-09T22:19:05.746Z,354.48316092704385,1375329.8377994797,-0947-06-04T08:06:25.875Z,1375586.4947885894,-0946-02-15T23:52:29.734Z,1386218.192375069,-0917-03-27T16:37:01.206Z,"[{""jd_ut"":1375329.8377994797,""motion"":""direct"",""utc"":""-0947-06-04T08:06:25.875Z""},{""jd_ut"":1375411.4492328712,""motion"":""retrograde"",""utc"":""-0947-08-24T22:46:53.720Z""},{""jd_ut"":1375586.4947885894,""motion"":""direct"",""utc"":""-0946-02-15T23:52:29.734Z""}]",3,
F88,88,Saturn,Saturnian Frame,,,,1386218.192375069,-0917-03-27T16:37:01.206Z,1386218.192375069,-0917-03-27T16:37:01.206Z,1396854.0532150175,-0888-05-10T13:16:37.778Z,"[{""jd_ut"":1386218.192375069,""motion"":""direct"",""utc"":""-0917-03-27T16:37:01.206Z""}]",1,
F89,89,Saturn,Saturnian Frame,1396826.1930594724,-0888-04-12T16:38:00.338Z,356.84530175595717,1396854.0532150175,-0888-05-10T13:16:37.778Z,1397116.3293686607,-0887-01-27T19:54:17.452Z,1407751.1912610936,-0858-03-11T16:35:24.958Z,"[{""jd_ut"":1396854.0532150175,""motion"":""direct"",""utc"":""-0888-05-10T13:16:37.778Z""},{""jd_ut"":1396993.815134162,""motion"":""retrograde"",""utc"":""-0888-09-27T07:33:47.592Z""},{""jd_ut"":1397116.3293686607,""motion"":""direct"",""utc"":""-0887-01-27T19:54:17.452Z""}]",3,
F90,90,Saturn,Saturnian Frame,,,,1407751.1912610936,-0858-03-11T16:35:24.958Z,1407751.1912610936,-0858-03-11T16:35:24.958Z,1418384.0012173434,-0829-04-21T12:01:45.178Z,"[{""jd_ut"":1407751.1912610936,""motion"":""direct"",""utc"":""-0858-03-11T16:35:24.958Z""}]",1,
F91,91,Saturn,Saturnian Frame,1418378.0485568596,-0829-04-15T13:09:55.313Z,359.27930924368525,1418384.0012173434,-0829-04-21T12:01:45.178Z,1418635.9234623923,-0829-12-29T10:09:47.151Z,1429033.5759168006,-0800-06-17T01:49:19.212Z,"[{""jd_ut"":1418384.0012173434,""motion"":""direct"",""utc"":""-0829-04-21T12:01:45.178Z""},{""jd_ut"":1418580.3706101775,""motion"":""retrograde"",""utc"":""-0829-11-03T20:53:40.719Z""},{""jd_ut"":1418635.9234623923,""motion"":""direct"",""utc"":""-0829-12-29T10:09:47.151Z""}]",3,
F92,92,Saturn,Saturnian Frame,1428964.1896243119,-0800-04-08T16:33:03.541Z,353.70458480131174,1429033.5759168006,-0800-06-17T01:49:19.212Z,1429283.1157276058,-0799-02-21T14:46:38.865Z,1439915.9677863792,-0770-04-03T11:13:36.743Z,"[{""jd_ut"":1429033.5759168006,""motion"":""direct"",""utc"":""-0800-06-17T01:49:19.212Z""},{""jd_ut"":1429087.0180148613,""motion"":""retrograde"",""utc"":""-0800-08-09T12:25:56.484Z""},{""jd_ut"":1429283.1157276058,""motion"":""direct"",""utc"":""-0799-02-21T14:46:38.865Z""}]",3,
F93,93,Saturn,Saturnian Frame,,,,1439915.9677863792,-0770-04-03T11:13:36.743Z,1439915.9677863792,-0770-04-03T11:13:36.743Z,1450551.060365534,-0741-05-16T13:26:55.582Z,"[{""jd_ut"":1439915.9677863792,""motion"":""direct"",""utc"":""-0770-04-03T11:13:36.743Z""}]",1,
F94,94,Saturn,Saturnian Frame,1450516.0906907227,-0741-04-11T14:10:35.678Z,356.1614090181938,1450551.060365534,-0741-05-16T13:26:55.582Z,1450813.2307373341,-0740-02-02T17:32:15.706Z,1461449.142671992,-0711-03-17T15:25:26.860Z,"[{""jd_ut"":1450551.060365534,""motion"":""direct"",""utc"":""-0741-05-16T13:26:55.582Z""},{""jd_ut"":1450675.2718445421,""motion"":""retrograde"",""utc"":""-0741-09-17T18:31:27.368Z""},{""jd_ut"":1450813.2307373341,""motion"":""direct"",""utc"":""-0740-02-02T17:32:15.706Z""}]",3,
F95,95,Saturn,Saturnian Frame,,,,1461449.142671992,-0711-03-17T15:25:26.860Z,1461449.142671992,-0711-03-17T15:25:26.860Z,1472080.2397224773,-0682-04-26T17:45:12.022Z,"[{""jd_ut"":1461449.142671992,""motion"":""direct"",""utc"":""-0711-03-17T15:25:26.860Z""}]",1,
F96,96,Saturn,Saturnian Frame,1472067.9318810566,-0682-04-14T10:21:54.523Z,358.53767147565895,1472080.2397224773,-0682-04-26T17:45:12.022Z,1472338.0745759276,-0681-01-09T13:47:23.360Z,1482983.0674186866,-0652-03-02T13:37:04.975Z,"[{""jd_ut"":1472080.2397224773,""motion"":""direct"",""utc"":""-0682-04-26T17:45:12.022Z""},{""jd_ut"":1472257.6513909902,""motion"":""retrograde"",""utc"":""-0682-10-21T03:38:00.182Z""},{""jd_ut"":1472338.0745759276,""motion"":""direct"",""utc"":""-0681-01-09T13:47:23.360Z""}]",3,
F97,97,Saturn,Saturnian Frame,,,,1482983.0674186866,-0652-03-02T13:37:04.975Z,1482983.0674186866,-0652-03-02T13:37:04.975Z,1493613.564558546,-0623-04-10T01:32:57.858Z,"[{""jd_ut"":1482983.0674186866,""motion"":""direct"",""utc"":""-0652-03-02T13:37:04.975Z""}]",1,
F98,98,Saturn,Saturnian Frame,,,,1493613.564558546,-0623-04-10T01:32:57.858Z,1493613.564558546,-0623-04-10T01:32:57.858Z,1504260.0044397446,-0594-06-04T12:06:23.594Z,"[{""jd_ut"":1493613.564558546,""motion"":""direct"",""utc"":""-0623-04-10T01:32:57.858Z""}]",1,
F99,99,Saturn,Saturnian Frame,1504204.8491523326,-0594-04-10T08:22:46.762Z,354.51436229183116,1504260.0044397446,-0594-06-04T12:06:23.594Z,1504517.1205468592,-0593-02-16T14:53:35.249Z,1515149.0687215105,-0564-03-27T13:38:57.539Z,"[{""jd_ut"":1504260.0044397446,""motion"":""direct"",""utc"":""-0594-06-04T12:06:23.594Z""},{""jd_ut"":1504342.4185682582,""motion"":""retrograde"",""utc"":""-0594-08-25T22:02:44.298Z""},{""jd_ut"":1504517.1205468592,""motion"":""direct"",""utc"":""-0593-02-16T14:53:35.249Z""}]",3,
F100,100,Saturn,Saturnian Frame,,,,1515149.0687215105,-0564-03-27T13:38:57.539Z,1515149.0687215105,-0564-03-27T13:38:57.539Z,1525788.190488128,-0535-05-13T16:34:18.174Z,"[{""jd_ut"":1515149.0687215105,""motion"":""direct"",""utc"":""-0564-03-27T13:38:57.539Z""}]",1,
F101,101,Saturn,Saturnian Frame,1525756.1743715173,-0535-04-11T16:11:05.699Z,356.4418880630631,1525788.190488128,-0535-05-13T16:34:18.174Z,1526050.8239539033,-0534-01-31T07:46:29.617Z,1536686.0559441615,-0505-03-15T13:20:33.576Z,"[{""jd_ut"":1525788.190488128,""motion"":""direct"",""utc"":""-0535-05-13T16:34:18.174Z""},{""jd_ut"":1525919.0768783428,""motion"":""retrograde"",""utc"":""-0535-09-21T13:50:42.289Z""},{""jd_ut"":1526050.8239539033,""motion"":""direct"",""utc"":""-0534-01-31T07:46:29.617Z""}]",3,
F102,102,Saturn,Saturnian Frame,,,,1536686.0559441615,-0505-03-15T13:20:33.576Z,1536686.0559441615,-0505-03-15T13:20:33.576Z,1547322.304053689,-0476-04-28T19:17:50.239Z,"[{""jd_ut"":1536686.0559441615,""motion"":""direct"",""utc"":""-0505-03-15T13:20:33.576Z""}]",1,
F103,103,Saturn,Saturnian Frame,1547307.3446909478,-0476-04-13T20:16:21.298Z,358.23803792936684,1547322.304053689,-0476-04-28T19:17:50.239Z,1547581.9460594635,-0475-01-13T10:42:19.538Z,1558224.0090756887,-0446-03-04T12:13:04.140Z,"[{""jd_ut"":1547322.304053689,""motion"":""direct"",""utc"":""-0476-04-28T19:17:50.239Z""},{""jd_ut"":1547493.0955654932,""motion"":""retrograde"",""utc"":""-0476-10-16T14:17:36.859Z""},{""jd_ut"":1547581.9460594635,""motion"":""direct"",""utc"":""-0475-01-13T10:42:19.538Z""}]",3,
F104,104,Saturn,Saturnian Frame,,,,1558224.0090756887,-0446-03-04T12:13:04.140Z,1558224.0090756887,-0446-03-04T12:13:04.140Z,1568859.1738647171,-0417-04-16T16:10:21.912Z,"[{""jd_ut"":1558224.0090756887,""motion"":""direct"",""utc"":""-0446-03-04T12:13:04.140Z""}]",1,
F105,105,Saturn,Saturnian Frame,1568858.3620025762,-0417-04-15T20:41:17.023Z,359.90094900020847,1568859.1738647171,-0417-04-16T16:10:21.912Z,1569099.1865429278,-0417-12-12T16:28:37.309Z,1579509.937147609,-0388-06-13T10:29:29.553Z,"[{""jd_ut"":1568859.1738647171,""motion"":""direct"",""utc"":""-0417-04-16T16:10:21.912Z""},{""jd_ut"":1569078.8191779205,""motion"":""retrograde"",""utc"":""-0417-11-22T07:39:36.972Z""},{""jd_ut"":1569099.1865429278,""motion"":""direct"",""utc"":""-0417-12-12T16:28:37.309Z""}]",3,
F106,106,Saturn,Saturnian Frame,1579443.963732162,-0388-04-08T11:07:46.459Z,353.88318627973626,1579509.937147609,-0388-06-13T10:29:29.553Z,1579761.9983611112,-0387-02-20T11:57:38.400Z,1590397.2873718701,-0358-04-04T18:53:48.930Z,"[{""jd_ut"":1579509.937147609,""motion"":""direct"",""utc"":""-0388-06-13T10:29:29.553Z""},{""jd_ut"":1579570.6466581519,""motion"":""retrograde"",""utc"":""-0388-08-13T03:31:11.264Z""},{""jd_ut"":1579761.9983611112,""motion"":""direct"",""utc"":""-0387-02-20T11:57:38.400Z""}]",3,
F107,107,Saturn,Saturnian Frame,,,,1590397.2873718701,-0358-04-04T18:53:48.930Z,1590397.2873718701,-0358-04-04T18:53:48.930Z,1601038.3101793248,-0329-05-23T19:26:39.494Z,"[{""jd_ut"":1590397.2873718701,""motion"":""direct"",""utc"":""-0358-04-04T18:53:48.930Z""}]",1,
F108,108,Saturn,Saturnian Frame,1600994.7978390688,-0329-04-10T07:08:53.296Z,355.4172744303939,1601038.3101793248,-0329-05-23T19:26:39.494Z,1601299.662771185,-0328-02-09T03:54:23.430Z,1611935.6551671256,-0299-03-25T03:43:26.440Z,"[{""jd_ut"":1601038.3101793248,""motion"":""direct"",""utc"":""-0329-05-23T19:26:39.494Z""},{""jd_ut"":1601145.029141205,""motion"":""retrograde"",""utc"":""-0329-09-07T12:41:57.800Z""},{""jd_ut"":1601299.662771185,""motion"":""direct"",""utc"":""-0328-02-09T03:54:23.430Z""}]",3,
F109,109,Saturn,Saturnian Frame,,,,1611935.6551671256,-0299-03-25T03:43:26.440Z,1611935.6551671256,-0299-03-25T03:43:26.440Z,1622572.3176946477,-0270-05-08T19:37:28.818Z,"[{""jd_ut"":1611935.6551671256,""motion"":""direct"",""utc"":""-0299-03-25T03:43:26.440Z""}]",1,
F110,110,Saturn,Saturnian Frame,1622545.6646012706,-0270-04-12T03:57:01.550Z,356.9900877940354,1622572.3176946477,-0270-05-08T19:37:28.818Z,1622835.385124003,-0269-01-26T21:14:34.714Z,1633473.9281071448,-0240-03-13T10:16:28.457Z,"[{""jd_ut"":1622572.3176946477,""motion"":""direct"",""utc"":""-0270-05-08T19:37:28.818Z""},{""jd_ut"":1622715.5812027063,""motion"":""retrograde"",""utc"":""-0270-09-29T01:56:55.914Z""},{""jd_ut"":1622835.385124003,""motion"":""direct"",""utc"":""-0269-01-26T21:14:34.714Z""}]",3,
F111,111,Saturn,Saturnian Frame,,,,1633473.9281071448,-0240-03-13T10:16:28.457Z,1633473.9281071448,-0240-03-13T10:16:28.457Z,1644108.0046936027,-0211-04-24T12:06:45.527Z,"[{""jd_ut"":1633473.9281071448,""motion"":""direct"",""utc"":""-0240-03-13T10:16:28.457Z""}]",1,
F112,112,Saturn,Saturnian Frame,1644096.640653681,-0211-04-13T03:22:32.478Z,358.65409270523935,1644108.0046936027,-0211-04-24T12:06:45.527Z,1644366.1554754176,-0210-01-07T15:43:53.076Z,1655011.174982586,-0181-03-02T16:11:58.495Z,"[{""jd_ut"":1644108.0046936027,""motion"":""direct"",""utc"":""-0211-04-24T12:06:45.527Z""},{""jd_ut"":1644288.950038686,""motion"":""retrograde"",""utc"":""-0211-10-22T10:48:03.342Z""},{""jd_ut"":1644366.1554754176,""motion"":""direct"",""utc"":""-0210-01-07T15:43:53.076Z""}]",3,
F113,113,Saturn,Saturnian Frame,,,,1655011.174982586,-0181-03-02T16:11:58.495Z,1655011.174982586,-0181-03-02T16:11:58.495Z,1665644.1921269624,-0152-04-11T16:36:39.770Z,"[{""jd_ut"":1655011.174982586,""motion"":""direct"",""utc"":""-0181-03-02T16:11:58.495Z""}]",1,
F114,114,Saturn,Saturnian Frame,,,,1665644.1921269624,-0152-04-11T16:36:39.770Z,1665644.1921269624,-0152-04-11T16:36:39.770Z,1676288.4389146762,-0123-06-02T22:32:02.228Z,"[{""jd_ut"":1665644.1921269624,""motion"":""direct"",""utc"":""-0152-04-11T16:36:39.770Z""}]",1,
F115,115,Saturn,Saturnian Frame,1676233.4529314763,-0123-04-08T22:52:13.280Z,354.57790099473505,1676288.4389146762,-0123-06-02T22:32:02.228Z,1676546.686086174,-0122-02-16T04:27:57.845Z,1687179.952310861,-0093-03-30T10:51:19.658Z,"[{""jd_ut"":1676288.4389146762,""motion"":""direct"",""utc"":""-0123-06-02T22:32:02.228Z""},{""jd_ut"":1676371.9915900468,""motion"":""retrograde"",""utc"":""-0123-08-25T11:47:53.380Z""},{""jd_ut"":1676546.686086174,""motion"":""direct"",""utc"":""-0122-02-16T04:27:57.845Z""}]",3,
F116,116,Saturn,Saturnian Frame,,,,1687179.952310861,-0093-03-30T10:51:19.658Z,1687179.952310861,-0093-03-30T10:51:19.658Z,1697815.1823180532,-0064-05-11T16:22:32.280Z,"[{""jd_ut"":1687179.952310861,""motion"":""direct"",""utc"":""-0093-03-30T10:51:19.658Z""}]",1,
F117,117,Saturn,Saturnian Frame,1697784.8984373738,-0064-04-11T09:33:44.989Z,356.64617547130723,1697815.1823180532,-0064-05-11T16:22:32.280Z,1698078.926606967,-0063-01-30T10:14:18.842Z,1708715.0588089284,-0034-03-15T13:24:41.091Z,"[{""jd_ut"":1697815.1823180532,""motion"":""direct"",""utc"":""-0064-05-11T16:22:32.280Z""},{""jd_ut"":1697950.776141039,""motion"":""retrograde"",""utc"":""-0064-09-24T06:37:38.586Z""},{""jd_ut"":1698078.926606967,""motion"":""direct"",""utc"":""-0063-01-30T10:14:18.842Z""}]",3,
F118,118,Saturn,Saturnian Frame,,,,1708715.0588089284,-0034-03-15T13:24:41.091Z,1708715.0588089284,-0034-03-15T13:24:41.091Z,1719345.9672938134,-0005-04-23T11:12:54.185Z,"[{""jd_ut"":1708715.0588089284,""motion"":""direct"",""utc"":""-0034-03-15T13:24:41.091Z""}]",1,
F119,119,Saturn,Saturnian Frame,1719336.5471541183,-0005-04-14T01:07:54.116Z,358.88442018177136,1719345.9672938134,-0005-04-23T11:12:54.185Z,1719603.0644665267,-0004-01-05T13:32:49.908Z,1730248.76849068,0025-02-27T06:26:37.595Z,"[{""jd_ut"":1719345.9672938134,""motion"":""direct"",""utc"":""-0005-04-23T11:12:54.185Z""},{""jd_ut"":1719532.8321814076,""motion"":""retrograde"",""utc"":""-0005-10-27T07:58:20.474Z""},{""jd_ut"":1719603.0644665267,""motion"":""direct"",""utc"":""-0004-01-05T13:32:49.908Z""}]",3,
F120,120,Saturn,Saturnian Frame,,,,1730248.76849068,0025-02-27T06:26:37.595Z,1730248.76849068,0025-02-27T06:26:37.595Z,1740878.2864705957,0054-04-05T18:52:31.059Z,"[{""jd_ut"":1730248.76849068,""motion"":""direct"",""utc"":""0025-02-27T06:26:37.595Z""}]",1,
F121,121,Saturn,Saturnian Frame,,,,1740878.2864705957,0054-04-05T18:52:31.059Z,1740878.2864705957,0054-04-05T18:52:31.059Z,1751518.0872459714,0083-05-23T14:05:38.052Z,"[{""jd_ut"":1740878.2864705957,""motion"":""direct"",""utc"":""0054-04-05T18:52:31.059Z""}]",1,
F122,122,Saturn,Saturnian Frame,1751473.9891850748,0083-04-09T11:44:25.590Z,355.39398081877226,1751518.0872459714,0083-05-23T14:05:38.052Z,1751780.3706341423,0084-02-09T20:53:42.790Z,1762410.9484686432,0113-03-20T10:45:47.691Z,"[{""jd_ut"":1751518.0872459714,""motion"":""direct"",""utc"":""0083-05-23T14:05:38.052Z""},{""jd_ut"":1751624.414856765,""motion"":""retrograde"",""utc"":""0083-09-06T21:57:23.624Z""},{""jd_ut"":1751780.3706341423,""motion"":""direct"",""utc"":""0084-02-09T20:53:42.790Z""}]",3,
F123,123,Saturn,Saturnian Frame,,,,1762410.9484686432,0113-03-20T10:45:47.691Z,1762410.9484686432,0113-03-20T10:45:47.691Z,1773045.0408313302,0142-05-01T12:58:47.827Z,"[{""jd_ut"":1762410.9484686432,""motion"":""direct"",""utc"":""0113-03-20T10:45:47.691Z""}]",1,
F124,124,Saturn,Saturnian Frame,1773025.8327089045,0142-04-12T07:59:06.049Z,357.78669445136234,1773045.0408313302,0142-05-01T12:58:47.827Z,1773307.6516021146,0143-01-19T03:38:18.423Z,1783943.8123637605,0172-03-03T07:29:48.229Z,"[{""jd_ut"":1773045.0408313302,""motion"":""direct"",""utc"":""0142-05-01T12:58:47.827Z""},{""jd_ut"":1773206.4296946079,""motion"":""retrograde"",""utc"":""0142-10-09T22:18:45.614Z""},{""jd_ut"":1773307.6516021146,""motion"":""direct"",""utc"":""0143-01-19T03:38:18.423Z""}]",3,
F125,125,Saturn,Saturnian Frame,,,,1783943.8123637605,0172-03-03T07:29:48.229Z,1783943.8123637605,0172-03-03T07:29:48.229Z,1794576.1340547265,0201-04-13T15:13:02.328Z,"[{""jd_ut"":1783943.8123637605,""motion"":""direct"",""utc"":""0172-03-03T07:29:48.229Z""}]",1,
F126,126,Saturn,Saturnian Frame,,,,1794576.1340547265,0201-04-13T15:13:02.328Z,1794576.1340547265,0201-04-13T15:13:02.328Z,1805216.4114258252,0230-05-31T21:52:27.191Z,"[{""jd_ut"":1794576.1340547265,""motion"":""direct"",""utc"":""0201-04-13T15:13:02.328Z""}]",1,
F127,127,Saturn,Saturnian Frame,1805163.9705415377,0230-04-09T11:17:34.789Z,354.76559960605755,1805216.4114258252,0230-05-31T21:52:27.191Z,1805476.102007145,0231-02-15T14:26:53.417Z,1816109.611714338,0260-03-28T02:40:52.119Z,"[{""jd_ut"":1805216.4114258252,""motion"":""direct"",""utc"":""0230-05-31T21:52:27.191Z""},{""jd_ut"":1805305.4007581891,""motion"":""retrograde"",""utc"":""0230-08-28T21:37:05.508Z""},{""jd_ut"":1805476.102007145,""motion"":""direct"",""utc"":""0231-02-15T14:26:53.417Z""}]",3,
F128,128,Saturn,Saturnian Frame,,,,1816109.611714338,0260-03-28T02:40:52.119Z,1816109.611714338,0260-03-28T02:40:52.119Z,1826742.562596864,0289-05-08T01:30:08.369Z,"[{""jd_ut"":1816109.611714338,""motion"":""direct"",""utc"":""0260-03-28T02:40:52.119Z""}]",1,
F129,129,Saturn,Saturnian Frame,1826715.6300708978,0289-04-11T03:07:18.126Z,356.98288161147786,1826742.562596864,0289-05-08T01:30:08.369Z,1827006.5625726674,0290-01-27T01:30:06.278Z,1837644.3671002365,0319-03-14T20:48:37.460Z,"[{""jd_ut"":1826742.562596864,""motion"":""direct"",""utc"":""0289-05-08T01:30:08.369Z""},{""jd_ut"":1826885.8780012978,""motion"":""retrograde"",""utc"":""0289-09-28T09:04:19.312Z""},{""jd_ut"":1827006.5625726674,""motion"":""direct"",""utc"":""0290-01-27T01:30:06.278Z""}]",3,
F130,130,Saturn,Saturnian Frame,,,,1837644.3671002365,0319-03-14T20:48:37.460Z,1837644.3671002365,0319-03-14T20:48:37.460Z,1848275.272809052,0348-04-21T18:32:50.702Z,"[{""jd_ut"":1837644.3671002365,""motion"":""direct"",""utc"":""0319-03-14T20:48:37.460Z""}]",1,
F131,131,Saturn,Saturnian Frame,1848267.0710003786,0348-04-13T13:42:14.433Z,359.026434666723,1848275.272809052,0348-04-21T18:32:50.702Z,1848531.6066160449,0349-01-03T02:33:31.626Z,1859179.9091754402,0378-02-28T09:49:12.758Z,"[{""jd_ut"":1848275.272809052,""motion"":""direct"",""utc"":""0348-04-21T18:32:50.702Z""},{""jd_ut"":1848466.0974101955,""motion"":""retrograde"",""utc"":""0348-10-29T14:20:16.241Z""},{""jd_ut"":1848531.6066160449,""motion"":""direct"",""utc"":""0349-01-03T02:33:31.626Z""}]",3,
F132,132,Saturn,Saturnian Frame,,,,1859179.9091754402,0378-02-28T09:49:12.758Z,1859179.9091754402,0378-02-28T09:49:12.758Z,1869810.7969701206,0407-04-08T07:07:38.218Z,"[{""jd_ut"":1859179.9091754402,""motion"":""direct"",""utc"":""0378-02-28T09:49:12.758Z""}]",1,
F133,133,Saturn,Saturnian Frame,,,,1869810.7969701206,0407-04-08T07:07:38.218Z,1869810.7969701206,0407-04-08T07:07:38.218Z,1880455.235295088,0436-05-29T17:38:49.496Z,"[{""jd_ut"":1869810.7969701206,""motion"":""direct"",""utc"":""0407-04-08T07:07:38.218Z""}]",1,
F134,134,Saturn,Saturnian Frame,1880403.6989224777,0436-04-08T04:46:26.902Z,354.84088807614893,1880455.235295088,0436-05-29T17:38:49.496Z,1880715.7176769818,0437-02-14T05:13:27.291Z,1891348.1158171776,0466-03-26T14:46:46.604Z,"[{""jd_ut"":1880455.235295088,""motion"":""direct"",""utc"":""0436-05-29T17:38:49.496Z""},{""jd_ut"":1880546.4365731957,""motion"":""retrograde"",""utc"":""0436-08-28T22:28:39.924Z""},{""jd_ut"":1880715.7176769818,""motion"":""direct"",""utc"":""0437-02-14T05:13:27.291Z""}]",3,
F135,135,Saturn,Saturnian Frame,,,,1891348.1158171776,0466-03-26T14:46:46.604Z,1891348.1158171776,0466-03-26T14:46:46.604Z,1901986.0872935927,0495-05-11T14:05:42.166Z,"[{""jd_ut"":1891348.1158171776,""motion"":""direct"",""utc"":""0466-03-26T14:46:46.604Z""}]",1,
F136,136,Saturn,Saturnian Frame,1901954.7760479264,0495-04-10T06:37:30.541Z,356.5621684042789,1901986.0872935927,0495-05-11T14:05:42.166Z,1902250.7137274034,0496-01-31T05:07:46.048Z,1912886.337923516,0525-03-15T20:06:36.592Z,"[{""jd_ut"":1901986.0872935927,""motion"":""direct"",""utc"":""0495-05-11T14:05:42.166Z""},{""jd_ut"":1902120.0863218415,""motion"":""retrograde"",""utc"":""0495-09-22T14:04:18.207Z""},{""jd_ut"":1902250.7137274034,""motion"":""direct"",""utc"":""0496-01-31T05:07:46.048Z""}]",3,
F137,137,Saturn,Saturnian Frame,,,,1912886.337923516,0525-03-15T20:06:36.592Z,1912886.337923516,0525-03-15T20:06:36.592Z,1923521.3234252264,0554-04-27T19:45:43.940Z,"[{""jd_ut"":1912886.337923516,""motion"":""direct"",""utc"":""0525-03-15T20:06:36.592Z""}]",1,
F138,138,Saturn,Saturnian Frame,1923505.7419136167,0554-04-12T05:48:21.336Z,358.1964273793222,1923521.3234252264,0554-04-27T19:45:43.940Z,1923783.257153342,0555-01-14T18:10:18.049Z,1934424.7973397397,0584-03-04T07:08:10.154Z,"[{""jd_ut"":1923521.3234252264,""motion"":""direct"",""utc"":""0554-04-27T19:45:43.940Z""},{""jd_ut"":1923692.2461620108,""motion"":""retrograde"",""utc"":""0554-10-15T17:54:28.398Z""},{""jd_ut"":1923783.257153342,""motion"":""direct"",""utc"":""0555-01-14T18:10:18.049Z""}]",3,
F139,139,Saturn,Saturnian Frame,,,,1934424.7973397397,0584-03-04T07:08:10.154Z,1934424.7973397397,0584-03-04T07:08:10.154Z,1945058.129857685,0613-04-15T15:06:59.704Z,"[{""jd_ut"":1934424.7973397397,""motion"":""direct"",""utc"":""0584-03-04T07:08:10.154Z""}]",1,
F140,140,Saturn,Saturnian Frame,1945056.6823399384,0613-04-14T04:22:34.171Z,359.82657560033147,1945058.129857685,0613-04-15T15:06:59.704Z,1945302.9799600649,0613-12-16T11:31:08.550Z,1955708.5746997292,0642-06-13T01:47:34.057Z,"[{""jd_ut"":1945058.129857685,""motion"":""direct"",""utc"":""0613-04-15T15:06:59.704Z""},{""jd_ut"":1945275.6265222426,""motion"":""retrograde"",""utc"":""0613-11-19T03:02:11.522Z""},{""jd_ut"":1945302.9799600649,""motion"":""direct"",""utc"":""0613-12-16T11:31:08.550Z""}]",3,
F141,141,Saturn,Saturnian Frame,1955642.291145484,0642-04-07T18:59:14.970Z,353.94024899136406,1955708.5746997292,0642-06-13T01:47:34.057Z,1955962.8714257628,0643-02-22T08:54:51.186Z,1966595.6581593417,0672-04-03T03:47:44.967Z,"[{""jd_ut"":1955708.5746997292,""motion"":""direct"",""utc"":""0642-06-13T01:47:34.057Z""},{""jd_ut"":1955770.216911937,""motion"":""retrograde"",""utc"":""0642-08-13T17:12:21.191Z""},{""jd_ut"":1955962.8714257628,""motion"":""direct"",""utc"":""0643-02-22T08:54:51.186Z""}]",3,
F142,142,Saturn,Saturnian Frame,,,,1966595.6581593417,0672-04-03T03:47:44.967Z,1966595.6581593417,0672-04-03T03:47:44.967Z,1977235.2972969697,0701-05-21T19:08:06.458Z,"[{""jd_ut"":1966595.6581593417,""motion"":""direct"",""utc"":""0672-04-03T03:47:44.967Z""}]",1,
F143,143,Saturn,Saturnian Frame,1977193.2707311767,0701-04-09T18:29:51.174Z,355.60307466694627,1977235.2972969697,0701-05-21T19:08:06.458Z,1977499.2714157915,0702-02-09T18:30:50.324Z,1988133.0535919326,0731-03-23T13:17:10.343Z,"[{""jd_ut"":1977235.2972969697,""motion"":""direct"",""utc"":""0701-05-21T19:08:06.458Z""},{""jd_ut"":1977346.7904880624,""motion"":""retrograde"",""utc"":""0701-09-10T06:58:18.169Z""},{""jd_ut"":1977499.2714157915,""motion"":""direct"",""utc"":""0702-02-09T18:30:50.324Z""}]",3,
F144,144,Saturn,Saturnian Frame,,,,1988133.0535919326,0731-03-23T13:17:10.343Z,1988133.0535919326,0731-03-23T13:17:10.343Z,1998767.8972397856,0760-05-04T09:32:01.517Z,"[{""jd_ut"":1988133.0535919326,""motion"":""direct"",""utc"":""0731-03-23T13:17:10.343Z""}]",1,
F145,145,Saturn,Saturnian Frame,1998744.3365505058,0760-04-10T20:04:37.964Z,357.3481778996061,1998767.8972397856,0760-05-04T09:32:01.517Z,1999032.8064039326,0761-01-24T07:21:13.300Z,2009669.480198586,0790-03-09T23:31:29.158Z,"[{""jd_ut"":1998767.8972397856,""motion"":""direct"",""utc"":""0760-05-04T09:32:01.517Z""},{""jd_ut"":1998920.0106781605,""motion"":""retrograde"",""utc"":""0760-10-03T12:15:22.593Z""},{""jd_ut"":1999032.8064039326,""motion"":""direct"",""utc"":""0761-01-24T07:21:13.300Z""}]",3,
F146,146,Saturn,Saturnian Frame,,,,2009669.480198586,0790-03-09T23:31:29.158Z,2009669.480198586,0790-03-09T23:31:29.158Z,2020302.0375634837,0819-04-19T12:54:05.485Z,"[{""jd_ut"":2009669.480198586,""motion"":""direct"",""utc"":""0790-03-09T23:31:29.158Z""}]",1,
F147,147,Saturn,Saturnian Frame,2020295.5538958525,0819-04-13T01:17:36.602Z,359.2341637290177,2020302.0375634837,0819-04-19T12:54:05.485Z,2020557.7784180185,0819-12-31T06:40:55.317Z,2030952.2209687885,0848-06-15T17:18:11.703Z,"[{""jd_ut"":2020302.0375634837,""motion"":""direct"",""utc"":""0819-04-19T12:54:05.485Z""},{""jd_ut"":2020499.561060396,""motion"":""retrograde"",""utc"":""0819-11-03T01:27:55.618Z""},{""jd_ut"":2020557.7784180185,""motion"":""direct"",""utc"":""0819-12-31T06:40:55.317Z""}]",3,
F148,148,Saturn,Saturnian Frame,2030881.7388008074,0848-04-06T05:43:52.390Z,353.7760561501287,2030952.2209687885,0848-06-15T17:18:11.703Z,2031204.568808748,0849-02-23T01:39:05.076Z,2041836.4977913033,0878-04-03T23:56:49.169Z,"[{""jd_ut"":2030952.2209687885,""motion"":""direct"",""utc"":""0848-06-15T17:18:11.703Z""},{""jd_ut"":2031005.6534659574,""motion"":""retrograde"",""utc"":""0848-08-08T03:40:59.459Z""},{""jd_ut"":2031204.568808748,""motion"":""direct"",""utc"":""0849-02-23T01:39:05.076Z""}]",3,
F149,149,Saturn,Saturnian Frame,,,,2041836.4977913033,0878-04-03T23:56:49.169Z,2041836.4977913033,0878-04-03T23:56:49.169Z,2052471.9249899196,0907-05-18T10:11:59.129Z,"[{""jd_ut"":2041836.4977913033,""motion"":""direct"",""utc"":""0878-04-03T23:56:49.169Z""}]",1,
F150,150,Saturn,Saturnian Frame,2052433.2918139012,0907-04-09T19:00:12.721Z,355.9180257108243,2052471.9249899196,0907-05-18T10:11:59.129Z,2052736.9515013117,0908-02-07T10:50:09.713Z,2063370.8385327775,0937-03-20T08:07:29.232Z,"[{""jd_ut"":2052471.9249899196,""motion"":""direct"",""utc"":""0907-05-18T10:11:59.129Z""},{""jd_ut"":2052590.8103543972,""motion"":""retrograde"",""utc"":""0907-09-14T07:26:54.620Z""},{""jd_ut"":2052736.9515013117,""motion"":""direct"",""utc"":""0908-02-07T10:50:09.713Z""}]",3,
F151,151,Saturn,Saturnian Frame,,,,2063370.8385327775,0937-03-20T08:07:29.232Z,2063370.8385327775,0937-03-20T08:07:29.232Z,2074000.8661475675,0966-04-27T08:47:15.150Z,"[{""jd_ut"":2063370.8385327775,""motion"":""direct"",""utc"":""0937-03-20T08:07:29.232Z""}]",1,
F152,152,Saturn,Saturnian Frame,2073984.9792374754,0966-04-11T11:30:06.118Z,358.1760243720052,2074000.8661475675,0966-04-27T08:47:15.150Z,2074263.878875541,0967-01-15T09:05:34.847Z,2084904.3429926941,0996-03-03T20:13:54.569Z,"[{""jd_ut"":2074000.8661475675,""motion"":""direct"",""utc"":""0966-04-27T08:47:15.150Z""},{""jd_ut"":2074171.7609575004,""motion"":""retrograde"",""utc"":""0966-10-15T06:15:46.728Z""},{""jd_ut"":2074263.878875541,""motion"":""direct"",""utc"":""0967-01-15T09:05:34.847Z""}]",3,
F153,153,Saturn,Saturnian Frame,,,,2084904.3429926941,0996-03-03T20:13:54.569Z,2084904.3429926941,0996-03-03T20:13:54.569Z,2095532.5525332708,1025-04-10T01:15:38.875Z,"[{""jd_ut"":2084904.3429926941,""motion"":""direct"",""utc"":""0996-03-03T20:13:54.569Z""}]",1,
F154,154,Saturn,Saturnian Frame,,,,2095532.5525332708,1025-04-10T01:15:38.875Z,2095532.5525332708,1025-04-10T01:15:38.875Z,2106174.737055083,1054-05-30T05:41:21.559Z,"[{""jd_ut"":2095532.5525332708,""motion"":""direct"",""utc"":""1025-04-10T01:15:38.875Z""}]",1,
F155,155,Saturn,Saturnian Frame,2106122.6060957937,1054-04-08T02:32:46.677Z,354.8366979185881,2106174.737055083,1054-05-30T05:41:21.559Z,2106436.483871665,1055-02-15T23:36:46.512Z,2117065.459030251,1084-03-23T23:01:00.214Z,"[{""jd_ut"":2106174.737055083,""motion"":""direct"",""utc"":""1054-05-30T05:41:21.559Z""},{""jd_ut"":2106265.611658465,""motion"":""retrograde"",""utc"":""1054-08-29T02:40:47.291Z""},{""jd_ut"":2106436.483871665,""motion"":""direct"",""utc"":""1055-02-15T23:36:46.512Z""}]",3,
F156,156,Saturn,Saturnian Frame,,,,2117065.459030251,1084-03-23T23:01:00.214Z,2117065.459030251,1084-03-23T23:01:00.214Z,2127699.883016818,1113-05-06T09:11:32.653Z,"[{""jd_ut"":2117065.459030251,""motion"":""direct"",""utc"":""1084-03-23T23:01:00.214Z""}]",1,
F157,157,Saturn,Saturnian Frame,2127674.3660504166,1113-04-10T20:47:06.756Z,357.15805229365895,2127699.883016818,1113-05-06T09:11:32.653Z,2127965.614980717,1114-01-27T02:45:34.334Z,2138599.0356316734,1143-03-09T12:51:18.577Z,"[{""jd_ut"":2127699.883016818,""motion"":""direct"",""utc"":""1113-05-06T09:11:32.653Z""},{""jd_ut"":2127847.8319122596,""motion"":""retrograde"",""utc"":""1113-10-01T07:57:57.219Z""},{""jd_ut"":2127965.614980717,""motion"":""direct"",""utc"":""1114-01-27T02:45:34.334Z""}]",3,
F158,158,Saturn,Saturnian Frame,,,,2138599.0356316734,1143-03-09T12:51:18.577Z,2138599.0356316734,1143-03-09T12:51:18.577Z,2149230.981701752,1172-04-17T11:33:39.031Z,"[{""jd_ut"":2138599.0356316734,""motion"":""direct"",""utc"":""1143-03-09T12:51:18.577Z""}]",1,
F159,159,Saturn,Saturnian Frame,2149226.0492949765,1172-04-12T13:10:59.086Z,359.41713257603675,2149230.981701752,1172-04-17T11:33:39.031Z,2149484.986146453,1172-12-27T11:40:03.054Z,2159875.3241179306,1201-06-08T19:46:43.789Z,"[{""jd_ut"":2149230.981701752,""motion"":""direct"",""utc"":""1172-04-17T11:33:39.031Z""},{""jd_ut"":2149434.2099404084,""motion"":""retrograde"",""utc"":""1172-11-06T17:02:18.851Z""},{""jd_ut"":2149484.986146453,""motion"":""direct"",""utc"":""1172-12-27T11:40:03.054Z""}]",3,
F160,160,Saturn,Saturnian Frame,2159812.482287091,1201-04-06T23:34:29.605Z,354.16235519486867,2159875.3241179306,1201-06-08T19:46:43.789Z,2160132.4116937965,1202-02-20T21:52:50.344Z,2170764.814726497,1231-04-02T07:33:12.369Z,"[{""jd_ut"":2159875.3241179306,""motion"":""direct"",""utc"":""1201-06-08T19:46:43.789Z""},{""jd_ut"":2159944.274923468,""motion"":""retrograde"",""utc"":""1201-08-16T18:35:53.388Z""},{""jd_ut"":2160132.4116937965,""motion"":""direct"",""utc"":""1202-02-20T21:52:50.344Z""}]",3,
F161,161,Saturn,Saturnian Frame,,,,2170764.814726497,1231-04-02T07:33:12.369Z,2170764.814726497,1231-04-02T07:33:12.369Z,2181399.216976649,1260-05-13T17:12:26.782Z,"[{""jd_ut"":2170764.814726497,""motion"":""direct"",""utc"":""1231-04-02T07:33:12.369Z""}]",1,
F162,162,Saturn,Saturnian Frame,2181363.924937115,1260-04-08T10:11:54.567Z,356.2184448811572,2181399.216976649,1260-05-13T17:12:26.782Z,2181665.0788507406,1261-02-03T13:53:32.704Z,2192299.9990110546,1290-03-18T11:58:34.555Z,"[{""jd_ut"":2181399.216976649,""motion"":""direct"",""utc"":""1260-05-13T17:12:26.782Z""},{""jd_ut"":2181525.480962052,""motion"":""retrograde"",""utc"":""1260-09-16T23:32:35.121Z""},{""jd_ut"":2181665.0788507406,""motion"":""direct"",""utc"":""1261-02-03T13:53:32.704Z""}]",3,
F163,163,Saturn,Saturnian Frame,,,,2192299.9990110546,1290-03-18T11:58:34.555Z,2192299.9990110546,1290-03-18T11:58:34.555Z,2202931.4239842324,1319-04-27T22:10:32.238Z,"[{""jd_ut"":2192299.9990110546,""motion"":""direct"",""utc"":""1290-03-18T11:58:34.555Z""}]",1,
F164,164,Saturn,Saturnian Frame,2202915.179765202,1319-04-11T16:18:51.713Z,358.13883614343234,2202931.4239842324,1319-04-27T22:10:32.238Z,2203195.083520136,1320-01-16T14:00:16.140Z,2213836.1822228096,1349-03-05T16:22:24.051Z,"[{""jd_ut"":2202931.4239842324,""motion"":""direct"",""utc"":""1319-04-27T22:10:32.238Z""},{""jd_ut"":2203101.7818171335,""motion"":""retrograde"",""utc"":""1319-10-15T06:45:49.000Z""},{""jd_ut"":2203195.083520136,""motion"":""direct"",""utc"":""1320-01-16T14:00:16.140Z""}]",3,
F165,165,Saturn,Saturnian Frame,,,,2213836.1822228096,1349-03-05T16:22:24.051Z,2213836.1822228096,1349-03-05T16:22:24.051Z,2224466.733594875,1378-04-13T05:36:22.597Z,"[{""jd_ut"":2213836.1822228096,""motion"":""direct"",""utc"":""1349-03-05T16:22:24.051Z""}]",1,
F166,166,Saturn,Saturnian Frame,2224466.305172979,1378-04-12T19:19:26.945Z,359.9489485968634,2224466.733594875,1378-04-13T05:36:22.597Z,2224707.7072442602,1378-12-10T04:58:25.904Z,2235114.71979386,1407-06-09T05:16:30.189Z,"[{""jd_ut"":2224466.733594875,""motion"":""direct"",""utc"":""1378-04-13T05:36:22.597Z""},{""jd_ut"":2224692.814863097,""motion"":""retrograde"",""utc"":""1378-11-25T07:33:24.172Z""},{""jd_ut"":2224707.7072442602,""motion"":""direct"",""utc"":""1378-12-10T04:58:25.904Z""}]",3,
F167,167,Saturn,Saturnian Frame,2235052.1066951416,1407-04-07T14:33:38.460Z,354.2005216775912,2235114.71979386,1407-06-09T05:16:30.189Z,2235372.4787754845,1408-02-21T23:29:26.202Z,2246003.912264187,1437-04-01T09:53:39.626Z,"[{""jd_ut"":2235114.71979386,""motion"":""direct"",""utc"":""1407-06-09T05:16:30.189Z""},{""jd_ut"":2235184.452484768,""motion"":""retrograde"",""utc"":""1407-08-17T22:51:34.684Z""},{""jd_ut"":2235372.4787754845,""motion"":""direct"",""utc"":""1408-02-21T23:29:26.202Z""}]",3,
F168,168,Saturn,Saturnian Frame,,,,2246003.912264187,1437-04-01T09:53:39.626Z,2246003.912264187,1437-04-01T09:53:39.626Z,2256642.131855076,1466-05-17T15:09:52.279Z,"[{""jd_ut"":2246003.912264187,""motion"":""direct"",""utc"":""1437-04-01T09:53:39.626Z""}]",1,
F169,169,Saturn,Saturnian Frame,2256603.1334442925,1466-04-08T15:12:09.587Z,355.910539347386,2256642.131855076,1466-05-17T15:09:52.279Z,2256908.1034764387,1467-02-07T14:29:00.364Z,2267541.825505982,1496-03-20T07:48:43.717Z,"[{""jd_ut"":2256642.131855076,""motion"":""direct"",""utc"":""1466-05-17T15:09:52.279Z""},{""jd_ut"":2256760.8418809725,""motion"":""retrograde"",""utc"":""1466-09-13T08:12:18.516Z""},{""jd_ut"":2256908.1034764387,""motion"":""direct"",""utc"":""1467-02-07T14:29:00.364Z""}]",3,
F170,170,Saturn,Saturnian Frame,,,,2267541.825505982,1496-03-20T07:48:43.717Z,2267541.825505982,1496-03-20T07:48:43.717Z,2278175.785759858,1525-05-02T06:51:29.652Z,"[{""jd_ut"":2267541.825505982,""motion"":""direct"",""utc"":""1496-03-20T07:48:43.717Z""}]",1,
F171,171,Saturn,Saturnian Frame,2278154.0874732677,1525-04-10T14:05:57.690Z,357.5723498218644,2278175.785759858,1525-05-02T06:51:29.652Z,2278441.764041492,1526-01-23T06:20:13.185Z,2289079.862574595,1555-03-10T08:42:06.445Z,"[{""jd_ut"":2278175.785759858,""motion"":""direct"",""utc"":""1525-05-02T06:51:29.652Z""},{""jd_ut"":2278333.244484296,""motion"":""retrograde"",""utc"":""1525-10-06T17:52:03.443Z""},{""jd_ut"":2278441.764041492,""motion"":""direct"",""utc"":""1526-01-23T06:20:13.185Z""}]",3,
F172,172,Saturn,Saturnian Frame,,,,2289079.862574595,1555-03-10T08:42:06.445Z,2289079.862574595,1555-03-10T08:42:06.445Z,2299711.523888331,1584-04-18T00:34:23.952Z,"[{""jd_ut"":2289079.862574595,""motion"":""direct"",""utc"":""1555-03-10T08:42:06.445Z""}]",1,Z21
F173,173,Saturn,Saturnian Frame,2299705.0670454362,1584-04-11T13:36:32.726Z,359.2463973040224,2299711.523888331,1584-04-18T00:34:23.952Z,2299968.629466491,1584-12-31T03:06:25.905Z,2310366.468747612,1613-06-19T23:14:59.794Z,"[{""jd_ut"":2299711.523888331,""motion"":""direct"",""utc"":""1584-04-18T00:34:23.952Z""},{""jd_ut"":2299910.2768232133,""motion"":""retrograde"",""utc"":""1584-11-02T18:38:37.526Z""},{""jd_ut"":2299968.629466491,""motion"":""direct"",""utc"":""1584-12-31T03:06:25.905Z""}]",3,Z21
F174,174,Saturn,Saturnian Frame,2310290.945265662,1613-04-05T10:41:10.953Z,353.6054049159299,2310366.468747612,1613-06-19T23:14:59.794Z,2310617.2688668817,1614-02-25T18:27:10.099Z,2321248.1459656786,1643-04-05T15:30:11.435Z,"[{""jd_ut"":2310366.468747612,""motion"":""direct"",""utc"":""1613-06-19T23:14:59.794Z""},{""jd_ut"":2310410.5994014936,""motion"":""retrograde"",""utc"":""1613-08-03T02:23:08.289Z""},{""jd_ut"":2310617.2688668817,""motion"":""direct"",""utc"":""1614-02-25T18:27:10.099Z""}]",3,Z21
F175,175,Saturn,Saturnian Frame,,,,2321248.1459656786,1643-04-05T15:30:11.435Z,2321248.1459656786,1643-04-05T15:30:11.435Z,2331888.0585659556,1672-05-22T13:24:20.099Z,"[{""jd_ut"":2321248.1459656786,""motion"":""direct"",""utc"":""1643-04-05T15:30:11.435Z""}]",1,Z21
F176,176,Saturn,Saturnian Frame,2331841.9972003074,1672-04-06T11:55:58.107Z,355.33134557464615,2331888.0585659556,1672-05-22T13:24:20.099Z,2332153.1983808456,1673-02-11T16:45:40.105Z,2342784.5680184383,1702-03-24T01:37:56.793Z,"[{""jd_ut"":2331888.0585659556,""motion"":""direct"",""utc"":""1672-05-22T13:24:20.099Z""},{""jd_ut"":2331992.3365403395,""motion"":""retrograde"",""utc"":""1672-09-03T20:04:37.085Z""},{""jd_ut"":2332153.1983808456,""motion"":""direct"",""utc"":""1673-02-11T16:45:40.105Z""}]",3,Z21
F177,177,Saturn,Saturnian Frame,,,,2342784.5680184383,1702-03-24T01:37:56.793Z,2342784.5680184383,1702-03-24T01:37:56.793Z,2353419.0319328997,1731-05-05T12:45:59.003Z,"[{""jd_ut"":2342784.5680184383,""motion"":""direct"",""utc"":""1702-03-24T01:37:56.793Z""}]",1,Z21
F178,178,Saturn,Saturnian Frame,2353393.1582321906,1731-04-09T15:47:51.261Z,357.1484959160688,2353419.0319328997,1731-05-05T12:45:59.003Z,2353686.285197188,1732-01-27T18:50:41.037Z,2364320.3364983406,1761-03-09T20:04:33.457Z,"[{""jd_ut"":2353419.0319328997,""motion"":""direct"",""utc"":""1731-05-05T12:45:59.003Z""},{""jd_ut"":2353567.2092167987,""motion"":""retrograde"",""utc"":""1731-09-30T17:01:16.331Z""},{""jd_ut"":2353686.285197188,""motion"":""direct"",""utc"":""1732-01-27T18:50:41.037Z""}]",3,Z21
F179,179,Saturn,Saturnian Frame,,,,2364320.3364983406,1761-03-09T20:04:33.457Z,2364320.3364983406,1761-03-09T20:04:33.457Z,2374952.1321882624,1790-04-18T15:10:21.066Z,"[{""jd_ut"":2364320.3364983406,""motion"":""direct"",""utc"":""1761-03-09T20:04:33.457Z""}]",1,Z21
F180,180,Saturn,Saturnian Frame,2374944.4971588813,1790-04-10T23:55:54.527Z,359.11212171557287,2374952.1321882624,1790-04-18T15:10:21.066Z,2375211.117271103,1791-01-02T14:48:52.223Z,2385598.6232616054,1819-06-13T02:57:29.803Z,"[{""jd_ut"":2374952.1321882624,""motion"":""direct"",""utc"":""1790-04-18T15:10:21.066Z""},{""jd_ut"":2375147.5133710187,""motion"":""retrograde"",""utc"":""1790-10-31T00:19:15.256Z""},{""jd_ut"":2375211.117271103,""motion"":""direct"",""utc"":""1791-01-02T14:48:52.223Z""}]",3,Z21
F181,181,Saturn,Saturnian Frame,2385531.0969754243,1819-04-06T14:19:38.677Z,353.9764159853843,2385598.6232616054,1819-06-13T02:57:29.803Z,2385854.7726702383,1820-02-24T06:32:38.709Z,2396486.137190357,1849-04-03T15:17:33.247Z,"[{""jd_ut"":2385598.6232616054,""motion"":""direct"",""utc"":""1819-06-13T02:57:29.803Z""},{""jd_ut"":2385658.8651763787,""motion"":""retrograde"",""utc"":""1819-08-12T08:45:51.239Z""},{""jd_ut"":2385854.7726702383,""motion"":""direct"",""utc"":""1820-02-24T06:32:38.709Z""}]",3,Z21;Z22
F182,182,Saturn,Saturnian Frame,,,,2396486.137190357,1849-04-03T15:17:33.247Z,2396486.137190357,1849-04-03T15:17:33.247Z,2407119.343504887,1878-05-14T20:14:38.822Z,"[{""jd_ut"":2396486.137190357,""motion"":""direct"",""utc"":""1849-04-03T15:17:33.247Z""}]",1,Z22
F183,183,Saturn,Saturnian Frame,2407082.667279356,1878-04-08T04:00:52.936Z,356.13413132738356,2407119.343504887,1878-05-14T20:14:38.822Z,2407386.536532513,1879-02-06T00:52:36.409Z,2418020.098414515,1908-03-19T14:21:43.014Z,"[{""jd_ut"":2407119.343504887,""motion"":""direct"",""utc"":""1878-05-14T20:14:38.822Z""},{""jd_ut"":2407243.4965410773,""motion"":""retrograde"",""utc"":""1878-09-15T23:55:01.149Z""},{""jd_ut"":2407386.536532513,""motion"":""direct"",""utc"":""1879-02-06T00:52:36.409Z""}]",3,Z22
F184,184,Saturn,Saturnian Frame,,,,2418020.098414515,1908-03-19T14:21:43.014Z,2418020.098414515,1908-03-19T14:21:43.014Z,2428648.7698187996,1937-04-25T06:28:32.344Z,"[{""jd_ut"":2418020.098414515,""motion"":""direct"",""utc"":""1908-03-19T14:21:43.014Z""}]",1,Z22
F185,185,Saturn,Saturnian Frame,2428634.294542984,1937-04-10T19:04:08.514Z,358.35024991597777,2428648.7698187996,1937-04-25T06:28:32.344Z,2428912.937239983,1938-01-14T10:29:37.535Z,2439553.3967229538,1967-03-03T21:31:16.863Z,"[{""jd_ut"":2428648.7698187996,""motion"":""direct"",""utc"":""1937-04-25T06:28:32.344Z""},{""jd_ut"":2428824.6539445855,""motion"":""retrograde"",""utc"":""1937-10-18T03:41:40.812Z""},{""jd_ut"":2428912.937239983,""motion"":""direct"",""utc"":""1938-01-14T10:29:37.535Z""}]",3,Z22
F186,186,Saturn,Saturnian Frame,,,,2439553.3967229538,1967-03-03T21:31:16.863Z,2439553.3967229538,1967-03-03T21:31:16.863Z,2450180.8673149766,1996-04-07T08:48:56.014Z,"[{""jd_ut"":2439553.3967229538,""motion"":""direct"",""utc"":""1967-03-03T21:31:16.863Z""}]",1,Z22
F187,187,Saturn,Saturnian Frame,,,,2450180.8673149766,1996-04-07T08:48:56.014Z,2450180.8673149766,1996-04-07T08:48:56.014Z,2460820.64991467,2025-05-25T03:35:52.627Z,"[{""jd_ut"":2450180.8673149766,""motion"":""direct"",""utc"":""1996-04-07T08:48:56.014Z""}]",1,Z22
F188,188,Saturn,Saturnian Frame,2460772.1175211053,2025-04-06T14:49:13.824Z,355.15755976718674,2460820.64991467,2025-05-25T03:35:52.627Z,2461085.5080922637,2026-02-14T00:11:39.172Z,2471714.271009391,2055-03-22T18:30:15.211Z,"[{""jd_ut"":2460820.64991467,""motion"":""direct"",""utc"":""2025-05-25T03:35:52.627Z""},{""jd_ut"":2460919.837517851,""motion"":""retrograde"",""utc"":""2025-09-01T08:06:01.542Z""},{""jd_ut"":2461085.5080922637,""motion"":""direct"",""utc"":""2026-02-14T00:11:39.172Z""}]",3,Z22
F189,189,Saturn,Saturnian Frame,,,,2471714.271009391,2055-03-22T18:30:15.211Z,2471714.271009391,2055-03-22T18:30:15.211Z,2482347.393646137,2084-05-01T21:26:51.026Z,"[{""jd_ut"":2471714.271009391,""motion"":""direct"",""utc"":""2055-03-22T18:30:15.211Z""}]",1,Z22;Z23
F190,190,Saturn,Saturnian Frame,2482323.7494621817,2084-04-08T05:59:13.532Z,357.3823259237657,2482347.393646137,2084-05-01T21:26:51.026Z,2482614.7066865014,2085-01-24T04:57:37.714Z,2493248.281099922,2114-03-07T18:44:47.033Z,"[{""jd_ut"":2482347.393646137,""motion"":""direct"",""utc"":""2084-05-01T21:26:51.026Z""},{""jd_ut"":2482500.8274680637,""motion"":""retrograde"",""utc"":""2084-10-02T07:51:33.241Z""},{""jd_ut"":2482614.7066865014,""motion"":""direct"",""utc"":""2085-01-24T04:57:37.714Z""}]",3,Z23
F191,191,Saturn,Saturnian Frame,,,,2493248.281099922,2114-03-07T18:44:47.033Z,2493248.281099922,2114-03-07T18:44:47.033Z,2503879.397062123,2143-04-15T21:31:46.167Z,"[{""jd_ut"":2493248.281099922,""motion"":""direct"",""utc"":""2114-03-07T18:44:47.033Z""}]",1,Z23
F192,192,Saturn,Saturnian Frame,2503875.280268021,2143-04-11T18:43:35.157Z,359.5188537820154,2503879.397062123,2143-04-15T21:31:46.167Z,2504133.7652813504,2143-12-26T06:22:00.309Z,2514521.5150554646,2172-06-04T00:21:40.792Z,"[{""jd_ut"":2503879.397062123,""motion"":""direct"",""utc"":""2143-04-15T21:31:46.167Z""},{""jd_ut"":2504087.143897143,""motion"":""retrograde"",""utc"":""2143-11-09T15:27:12.713Z""},{""jd_ut"":2504133.7652813504,""motion"":""direct"",""utc"":""2143-12-26T06:22:00.309Z""}]",3,Z23
F193,193,Saturn,Saturnian Frame,2514461.810420366,2172-04-05T07:27:00.320Z,354.40126185018295,2514521.5150554646,2172-06-04T00:21:40.792Z,2514782.235985157,2173-02-19T17:39:49.118Z,2525413.7392986277,2202-04-01T05:44:35.401Z,"[{""jd_ut"":2514521.5150554646,""motion"":""direct"",""utc"":""2172-06-04T00:21:40.792Z""},{""jd_ut"":2514597.775629786,""motion"":""retrograde"",""utc"":""2172-08-19T06:36:54.413Z""},{""jd_ut"":2514782.235985157,""motion"":""direct"",""utc"":""2173-02-19T17:39:49.118Z""}]",3,Z23
F194,194,Saturn,Saturnian Frame,,,,2525413.7392986277,2202-04-01T05:44:35.401Z,2525413.7392986277,2202-04-01T05:44:35.401Z,2536047.5086558154,2231-05-13T00:12:27.862Z,"[{""jd_ut"":2525413.7392986277,""motion"":""direct"",""utc"":""2202-04-01T05:44:35.401Z""}]",1,Z23
F195,195,Saturn,Saturnian Frame,2536013.0807430856,2231-04-08T13:56:16.203Z,356.3391844818338,2536047.5086558154,2231-05-13T00:12:27.862Z,2536315.47673265,2232-02-04T23:26:29.701Z,2546949.416577935,2261-03-17T21:59:52.334Z,"[{""jd_ut"":2536047.5086558154,""motion"":""direct"",""utc"":""2231-05-13T00:12:27.862Z""},{""jd_ut"":2536176.8234906513,""motion"":""retrograde"",""utc"":""2231-09-19T07:45:49.592Z""},{""jd_ut"":2536315.47673265,""motion"":""direct"",""utc"":""2232-02-04T23:26:29.701Z""}]",3,Z23
F196,196,Saturn,Saturnian Frame,,,,2546949.416577935,2261-03-17T21:59:52.334Z,2546949.416577935,2261-03-17T21:59:52.334Z,2557580.309468847,2290-04-25T19:25:38.108Z,"[{""jd_ut"":2546949.416577935,""motion"":""direct"",""utc"":""2261-03-17T21:59:52.334Z""}]",1,Z23
F197,197,Saturn,Saturnian Frame,2557564.230279442,2290-04-09T17:31:36.144Z,358.1794830634265,2557580.309468847,2290-04-25T19:25:38.108Z,2557845.8584254934,2291-01-16T08:36:07.963Z,2568485.761156002,2320-03-05T06:16:03.879Z,"[{""jd_ut"":2557580.309468847,""motion"":""direct"",""utc"":""2290-04-25T19:25:38.108Z""},{""jd_ut"":2557752.483694882,""motion"":""retrograde"",""utc"":""2290-10-14T23:36:31.238Z""},{""jd_ut"":2557845.8584254934,""motion"":""direct"",""utc"":""2291-01-16T08:36:07.963Z""}]",3,Z23
